insert into tag_type (tag_type_name) values ('Fermentation');
insert into tag (tag_name, tag_type, tag_description) values ('top-fermented', 'Fermentation', '');
insert into tag (tag_name, tag_type, tag_description) values ('bottom-fermented', 'Fermentation', '');
insert into tag (tag_name, tag_type, tag_description) values ('any-fermented', 'Fermentation', '');
insert into tag (tag_name, tag_type, tag_description) values ('wild-fermented', 'Fermentation', '');


insert into tag_type (tag_type_name) values ('Era');
insert into tag (tag_name, tag_type, tag_description) values ('craft-style', 'Era', '');
insert into tag (tag_name, tag_type, tag_description) values ('traditional-style', 'Era', '');
insert into tag (tag_name, tag_type, tag_description) values ('historical-style', 'Era', '');


insert into tag_type (tag_type_name) values ('Strength');
insert into tag (tag_name, tag_type, tag_description) values ('session-strength', 'Strength', '');
insert into tag (tag_name, tag_type, tag_description) values ('standard-strength', 'Strength', '');
insert into tag (tag_name, tag_type, tag_description) values ('high-strength', 'Strength', '');
insert into tag (tag_name, tag_type, tag_description) values ('very-high-strength', 'Strength', '');


insert into tag_type (tag_type_name) values ('Color');
insert into tag (tag_name, tag_type, tag_description) values ('pale-color', 'Color', '');
insert into tag (tag_name, tag_type, tag_description) values ('amber-color', 'Color', '');
insert into tag (tag_name, tag_type, tag_description) values ('dark-color', 'Color', '');


insert into tag_type (tag_type_name) values ('Style Family');
insert into tag (tag_name, tag_type, tag_description) values ('ipa-family', 'Style Family', '');
insert into tag (tag_name, tag_type, tag_description) values ('brown-ale-family', 'Style Family', '');
insert into tag (tag_name, tag_type, tag_description) values ('pale-ale-family', 'Style Family', '');
insert into tag (tag_name, tag_type, tag_description) values ('pale-lager-family', 'Style Family', '');
insert into tag (tag_name, tag_type, tag_description) values ('pilsner-family', 'Style Family', '');
insert into tag (tag_name, tag_type, tag_description) values ('amber-ale-family', 'Style Family', '');
insert into tag (tag_name, tag_type, tag_description) values ('amber-lager-family', 'Style Family', '');
insert into tag (tag_name, tag_type, tag_description) values ('dark-lager-family', 'Style Family', '');
insert into tag (tag_name, tag_type, tag_description) values ('porter-family', 'Style Family', '');
insert into tag (tag_name, tag_type, tag_description) values ('stout-family', 'Style Family', '');
insert into tag (tag_name, tag_type, tag_description) values ('bock-family', 'Style Family', '');
insert into tag (tag_name, tag_type, tag_description) values ('strong-ale-family', 'Style Family', '');
insert into tag (tag_name, tag_type, tag_description) values ('wheat-beer-family', 'Style Family', '');
insert into tag (tag_name, tag_type, tag_description) values ('specialty-family', 'Style Family', '');


insert into tag_type (tag_type_name) values ('Dominant Flavor');
insert into tag (tag_name, tag_type, tag_description) values ('malty', 'Dominant Flavor', '');
insert into tag (tag_name, tag_type, tag_description) values ('bitter', 'Dominant Flavor', '');
insert into tag (tag_name, tag_type, tag_description) values ('balanced', 'Dominant Flavor', '');
insert into tag (tag_name, tag_type, tag_description) values ('hoppy', 'Dominant Flavor', '');
insert into tag (tag_name, tag_type, tag_description) values ('roasty', 'Dominant Flavor', '');
insert into tag (tag_name, tag_type, tag_description) values ('sweet', 'Dominant Flavor', '');
insert into tag (tag_name, tag_type, tag_description) values ('smoke', 'Dominant Flavor', '');
insert into tag (tag_name, tag_type, tag_description) values ('sour', 'Dominant Flavor', '');
insert into tag (tag_name, tag_type, tag_description) values ('wood', 'Dominant Flavor', '');
insert into tag (tag_name, tag_type, tag_description) values ('fruit', 'Dominant Flavor', '');
insert into tag (tag_name, tag_type, tag_description) values ('spice', 'Dominant Flavor', '');


insert into tag_type (tag_type_name) values ('Conditioning');
insert into tag (tag_name, tag_type, tag_description) values ('lagered', 'Conditioning', '');
insert into tag (tag_name, tag_type, tag_description) values ('aged', 'Conditioning', '');


insert into tag_type (tag_type_name) values ('Region of Origin');
insert into tag (tag_name, tag_type, tag_description) values ('british-isles', 'Region of Origin', '');
insert into tag (tag_name, tag_type, tag_description) values ('western-europe', 'Region of Origin', '');
insert into tag (tag_name, tag_type, tag_description) values ('central-europe', 'Region of Origin', '');
insert into tag (tag_name, tag_type, tag_description) values ('eastern-europe', 'Region of Origin', '');
insert into tag (tag_name, tag_type, tag_description) values ('north-america', 'Region of Origin', '');
insert into tag (tag_name, tag_type, tag_description) values ('pacific', 'Region of Origin', '');


insert into stat_type (stat_type_name, measuring_unit) values ('srm', 'color');
insert into stat_type (stat_type_name, measuring_unit) values ('abv', 'alcohol by volume');
insert into stat_type (stat_type_name, measuring_unit) values ('ibu', 'bitter units');
insert into stat_type (stat_type_name, measuring_unit) values ('og', 'original gravity');
insert into stat_type (stat_type_name, measuring_unit) values ('fg', 'final gravity');


insert into category (category_name, category_number) values ('Standard American Beer', '1');

insert into style (style_name, style_letter, category_name) values ('American Light Lager', '1A', 'Standard American Beer');
insert into style_tag (tag_name, style_name) values ('session-strength', 'American Light Lager');
insert into style_tag (tag_name, style_name) values ('pale-color', 'American Light Lager');
insert into style_tag (tag_name, style_name) values ('bottom-fermented', 'American Light Lager');
insert into style_tag (tag_name, style_name) values ('lagered', 'American Light Lager');
insert into style_tag (tag_name, style_name) values ('north-america', 'American Light Lager');
insert into style_tag (tag_name, style_name) values ('traditional-style', 'American Light Lager');
insert into style_tag (tag_name, style_name) values ('pale-lager-family', 'American Light Lager');
insert into style_tag (tag_name, style_name) values ('balanced', 'American Light Lager');
insert into vital_statistic (style, statistic_type, statistic_lower, statistic_upper) values ('American Light Lager', 'abv', 2.800, 4.200);
insert into vital_statistic (style, statistic_type, statistic_lower, statistic_upper) values ('American Light Lager', 'fg', 0.998, 1.008);
insert into vital_statistic (style, statistic_type, statistic_lower, statistic_upper) values ('American Light Lager', 'og', 1.028, 1.040);
insert into vital_statistic (style, statistic_type, statistic_lower, statistic_upper) values ('American Light Lager', 'ibu', 8.000, 12.000);
insert into vital_statistic (style, statistic_type, statistic_lower, statistic_upper) values ('American Light Lager', 'srm', 2.000, 3.000);

insert into style (style_name, style_letter, category_name) values ('American Lager', '1B', 'Standard American Beer');
insert into style_tag (tag_name, style_name) values ('standard-strength', 'American Lager');
insert into style_tag (tag_name, style_name) values ('pale-color', 'American Lager');
insert into style_tag (tag_name, style_name) values ('bottom-fermented', 'American Lager');
insert into style_tag (tag_name, style_name) values ('lagered', 'American Lager');
insert into style_tag (tag_name, style_name) values ('north-america', 'American Lager');
insert into style_tag (tag_name, style_name) values ('traditional-style', 'American Lager');
insert into style_tag (tag_name, style_name) values ('pale-lager-family', 'American Lager');
insert into style_tag (tag_name, style_name) values ('balanced', 'American Lager');
insert into vital_statistic (style, statistic_type, statistic_lower, statistic_upper) values ('American Lager', 'abv', 4.200, 5.300);
insert into vital_statistic (style, statistic_type, statistic_lower, statistic_upper) values ('American Lager', 'fg', 1.004, 1.010);
insert into vital_statistic (style, statistic_type, statistic_lower, statistic_upper) values ('American Lager', 'og', 1.040, 1.050);
insert into vital_statistic (style, statistic_type, statistic_lower, statistic_upper) values ('American Lager', 'ibu', 8.000, 18.000);
insert into vital_statistic (style, statistic_type, statistic_lower, statistic_upper) values ('American Lager', 'srm', 2.000, 4.000);

insert into style (style_name, style_letter, category_name) values ('Cream Ale', '1C', 'Standard American Beer');
insert into style_tag (tag_name, style_name) values ('standard-strength', 'Cream Ale');
insert into style_tag (tag_name, style_name) values ('pale-color', 'Cream Ale');
insert into style_tag (tag_name, style_name) values ('any-fermentation', 'Cream Ale');
insert into style_tag (tag_name, style_name) values ('north-america', 'Cream Ale');
insert into style_tag (tag_name, style_name) values ('traditional-style', 'Cream Ale');
insert into style_tag (tag_name, style_name) values ('pale-ale-family', 'Cream Ale');
insert into style_tag (tag_name, style_name) values ('balanced', 'Cream Ale');
insert into vital_statistic (style, statistic_type, statistic_lower, statistic_upper) values ('Cream Ale', 'abv', 4.200, 5.600);
insert into vital_statistic (style, statistic_type, statistic_lower, statistic_upper) values ('Cream Ale', 'fg', 1.006, 1.012);
insert into vital_statistic (style, statistic_type, statistic_lower, statistic_upper) values ('Cream Ale', 'og', 1.042, 1.055);
insert into vital_statistic (style, statistic_type, statistic_lower, statistic_upper) values ('Cream Ale', 'ibu', 8.000, 20.000);
insert into vital_statistic (style, statistic_type, statistic_lower, statistic_upper) values ('Cream Ale', 'srm', 2.500, 5.000);

insert into style (style_name, style_letter, category_name) values ('American Wheat Beer', '1D', 'Standard American Beer');
insert into style_tag (tag_name, style_name) values ('standard-strength', 'American Wheat Beer');
insert into style_tag (tag_name, style_name) values ('pale-color', 'American Wheat Beer');
insert into style_tag (tag_name, style_name) values ('any-fermentation', 'American Wheat Beer');
insert into style_tag (tag_name, style_name) values ('north-america', 'American Wheat Beer');
insert into style_tag (tag_name, style_name) values ('craft-style', 'American Wheat Beer');
insert into style_tag (tag_name, style_name) values ('wheat-beer-family', 'American Wheat Beer');
insert into style_tag (tag_name, style_name) values ('balanced', 'American Wheat Beer');
insert into vital_statistic (style, statistic_type, statistic_lower, statistic_upper) values ('American Wheat Beer', 'abv', 4.000, 5.500);
insert into vital_statistic (style, statistic_type, statistic_lower, statistic_upper) values ('American Wheat Beer', 'fg', 1.008, 1.013);
insert into vital_statistic (style, statistic_type, statistic_lower, statistic_upper) values ('American Wheat Beer', 'og', 1.040, 1.055);
insert into vital_statistic (style, statistic_type, statistic_lower, statistic_upper) values ('American Wheat Beer', 'ibu', 15.000, 30.000);
insert into vital_statistic (style, statistic_type, statistic_lower, statistic_upper) values ('American Wheat Beer', 'srm', 3.000, 6.000);

insert into category (category_name, category_number) values ('International Lager', '2');

insert into style (style_name, style_letter, category_name) values ('International Pale Lager', '2A', 'International Lager');
insert into style_tag (tag_name, style_name) values ('standard-strength', 'International Pale Lager');
insert into style_tag (tag_name, style_name) values ('pale-color', 'International Pale Lager');
insert into style_tag (tag_name, style_name) values ('bottom-fermented', 'International Pale Lager');
insert into style_tag (tag_name, style_name) values ('lagered', 'International Pale Lager');
insert into style_tag (tag_name, style_name) values ('traditional-style', 'International Pale Lager');
insert into style_tag (tag_name, style_name) values ('pale-lager-family', 'International Pale Lager');
insert into style_tag (tag_name, style_name) values ('balanced', 'International Pale Lager');
insert into vital_statistic (style, statistic_type, statistic_lower, statistic_upper) values ('International Pale Lager', 'abv', 4.600, 6.000);
insert into vital_statistic (style, statistic_type, statistic_lower, statistic_upper) values ('International Pale Lager', 'fg', 1.008, 1.012);
insert into vital_statistic (style, statistic_type, statistic_lower, statistic_upper) values ('International Pale Lager', 'og', 1.042, 1.050);
insert into vital_statistic (style, statistic_type, statistic_lower, statistic_upper) values ('International Pale Lager', 'ibu', 18.000, 25.000);
insert into vital_statistic (style, statistic_type, statistic_lower, statistic_upper) values ('International Pale Lager', 'srm', 2.000, 6.000);

insert into style (style_name, style_letter, category_name) values ('International Amber Lager', '2B', 'International Lager');
insert into style_tag (tag_name, style_name) values ('standard-strength', 'International Amber Lager');
insert into style_tag (tag_name, style_name) values ('amber-color', 'International Amber Lager');
insert into style_tag (tag_name, style_name) values ('bottom-fermented', 'International Amber Lager');
insert into style_tag (tag_name, style_name) values ('lagered', 'International Amber Lager');
insert into style_tag (tag_name, style_name) values ('traditional-style', 'International Amber Lager');
insert into style_tag (tag_name, style_name) values ('amber-lager-family', 'International Amber Lager');
insert into style_tag (tag_name, style_name) values ('malty', 'International Amber Lager');
insert into vital_statistic (style, statistic_type, statistic_lower, statistic_upper) values ('International Amber Lager', 'abv', 4.600, 6.000);
insert into vital_statistic (style, statistic_type, statistic_lower, statistic_upper) values ('International Amber Lager', 'fg', 1.008, 1.014);
insert into vital_statistic (style, statistic_type, statistic_lower, statistic_upper) values ('International Amber Lager', 'og', 1.042, 1.055);
insert into vital_statistic (style, statistic_type, statistic_lower, statistic_upper) values ('International Amber Lager', 'ibu', 8.000, 25.000);
insert into vital_statistic (style, statistic_type, statistic_lower, statistic_upper) values ('International Amber Lager', 'srm', 7.000, 14.000);

insert into style (style_name, style_letter, category_name) values ('International Dark Lager', '2C', 'International Lager');
insert into style_tag (tag_name, style_name) values ('standard-strength', 'International Dark Lager');
insert into style_tag (tag_name, style_name) values ('dark-color', 'International Dark Lager');
insert into style_tag (tag_name, style_name) values ('bottom-fermented', 'International Dark Lager');
insert into style_tag (tag_name, style_name) values ('lagered', 'International Dark Lager');
insert into style_tag (tag_name, style_name) values ('traditional-style', 'International Dark Lager');
insert into style_tag (tag_name, style_name) values ('dark-lager-family', 'International Dark Lager');
insert into style_tag (tag_name, style_name) values ('malty', 'International Dark Lager');
insert into vital_statistic (style, statistic_type, statistic_lower, statistic_upper) values ('International Dark Lager', 'abv', 4.200, 6.000);
insert into vital_statistic (style, statistic_type, statistic_lower, statistic_upper) values ('International Dark Lager', 'fg', 1.008, 1.012);
insert into vital_statistic (style, statistic_type, statistic_lower, statistic_upper) values ('International Dark Lager', 'og', 1.044, 1.056);
insert into vital_statistic (style, statistic_type, statistic_lower, statistic_upper) values ('International Dark Lager', 'ibu', 8.000, 20.000);
insert into vital_statistic (style, statistic_type, statistic_lower, statistic_upper) values ('International Dark Lager', 'srm', 14.000, 22.000);

insert into category (category_name, category_number) values ('Czech Lager', '3');

insert into style (style_name, style_letter, category_name) values ('Czech Pale Lager', '3A', 'Czech Lager');
insert into style_tag (tag_name, style_name) values ('session-strength', 'Czech Pale Lager');
insert into style_tag (tag_name, style_name) values ('pale-color', 'Czech Pale Lager');
insert into style_tag (tag_name, style_name) values ('bottom-fermented', 'Czech Pale Lager');
insert into style_tag (tag_name, style_name) values ('lagered', 'Czech Pale Lager');
insert into style_tag (tag_name, style_name) values ('central-europe', 'Czech Pale Lager');
insert into style_tag (tag_name, style_name) values ('traditional-style', 'Czech Pale Lager');
insert into style_tag (tag_name, style_name) values ('pale-lager-family', 'Czech Pale Lager');
insert into style_tag (tag_name, style_name) values ('bitter', 'Czech Pale Lager');
insert into style_tag (tag_name, style_name) values ('hoppy', 'Czech Pale Lager');
insert into vital_statistic (style, statistic_type, statistic_lower, statistic_upper) values ('Czech Pale Lager', 'abv', 3.000, 4.100);
insert into vital_statistic (style, statistic_type, statistic_lower, statistic_upper) values ('Czech Pale Lager', 'fg', 1.008, 1.014);
insert into vital_statistic (style, statistic_type, statistic_lower, statistic_upper) values ('Czech Pale Lager', 'og', 1.028, 1.044);
insert into vital_statistic (style, statistic_type, statistic_lower, statistic_upper) values ('Czech Pale Lager', 'ibu', 20.000, 35.000);
insert into vital_statistic (style, statistic_type, statistic_lower, statistic_upper) values ('Czech Pale Lager', 'srm', 3.000, 6.000);

insert into style (style_name, style_letter, category_name) values ('Czech Premium Pale Lager', '3B', 'Czech Lager');
insert into style_tag (tag_name, style_name) values ('standard-strength', 'Czech Premium Pale Lager');
insert into style_tag (tag_name, style_name) values ('pale-color', 'Czech Premium Pale Lager');
insert into style_tag (tag_name, style_name) values ('bottom-fermented', 'Czech Premium Pale Lager');
insert into style_tag (tag_name, style_name) values ('lagered', 'Czech Premium Pale Lager');
insert into style_tag (tag_name, style_name) values ('central-europe', 'Czech Premium Pale Lager');
insert into style_tag (tag_name, style_name) values ('traditional-style', 'Czech Premium Pale Lager');
insert into style_tag (tag_name, style_name) values ('pilsner-family', 'Czech Premium Pale Lager');
insert into style_tag (tag_name, style_name) values ('balanced', 'Czech Premium Pale Lager');
insert into style_tag (tag_name, style_name) values ('hoppy', 'Czech Premium Pale Lager');
insert into vital_statistic (style, statistic_type, statistic_lower, statistic_upper) values ('Czech Premium Pale Lager', 'abv', 4.200, 5.800);
insert into vital_statistic (style, statistic_type, statistic_lower, statistic_upper) values ('Czech Premium Pale Lager', 'fg', 1.013, 1.017);
insert into vital_statistic (style, statistic_type, statistic_lower, statistic_upper) values ('Czech Premium Pale Lager', 'og', 1.044, 1.060);
insert into vital_statistic (style, statistic_type, statistic_lower, statistic_upper) values ('Czech Premium Pale Lager', 'ibu', 30.000, 45.000);
insert into vital_statistic (style, statistic_type, statistic_lower, statistic_upper) values ('Czech Premium Pale Lager', 'srm', 3.500, 6.000);

insert into style (style_name, style_letter, category_name) values ('Czech Amber Lager', '3C', 'Czech Lager');
insert into style_tag (tag_name, style_name) values ('standard-strength', 'Czech Amber Lager');
insert into style_tag (tag_name, style_name) values ('amber-color', 'Czech Amber Lager');
insert into style_tag (tag_name, style_name) values ('bottom-fermented', 'Czech Amber Lager');
insert into style_tag (tag_name, style_name) values ('lagered', 'Czech Amber Lager');
insert into style_tag (tag_name, style_name) values ('central-europe', 'Czech Amber Lager');
insert into style_tag (tag_name, style_name) values ('traditional-style', 'Czech Amber Lager');
insert into style_tag (tag_name, style_name) values ('amber-lager-family', 'Czech Amber Lager');
insert into style_tag (tag_name, style_name) values ('balanced', 'Czech Amber Lager');
insert into vital_statistic (style, statistic_type, statistic_lower, statistic_upper) values ('Czech Amber Lager', 'abv', 4.400, 5.800);
insert into vital_statistic (style, statistic_type, statistic_lower, statistic_upper) values ('Czech Amber Lager', 'fg', 1.013, 1.017);
insert into vital_statistic (style, statistic_type, statistic_lower, statistic_upper) values ('Czech Amber Lager', 'og', 1.044, 1.060);
insert into vital_statistic (style, statistic_type, statistic_lower, statistic_upper) values ('Czech Amber Lager', 'ibu', 20.000, 35.000);
insert into vital_statistic (style, statistic_type, statistic_lower, statistic_upper) values ('Czech Amber Lager', 'srm', 10.000, 16.000);

insert into style (style_name, style_letter, category_name) values ('Czech Dark Lager', '3D', 'Czech Lager');
insert into style_tag (tag_name, style_name) values ('standard-strength', 'Czech Dark Lager');
insert into style_tag (tag_name, style_name) values ('dark-color', 'Czech Dark Lager');
insert into style_tag (tag_name, style_name) values ('bottom-fermented', 'Czech Dark Lager');
insert into style_tag (tag_name, style_name) values ('lagered', 'Czech Dark Lager');
insert into style_tag (tag_name, style_name) values ('central-europe', 'Czech Dark Lager');
insert into style_tag (tag_name, style_name) values ('traditional-style', 'Czech Dark Lager');
insert into style_tag (tag_name, style_name) values ('dark-lager-family', 'Czech Dark Lager');
insert into style_tag (tag_name, style_name) values ('balanced', 'Czech Dark Lager');
insert into vital_statistic (style, statistic_type, statistic_lower, statistic_upper) values ('Czech Dark Lager', 'abv', 4.400, 5.800);
insert into vital_statistic (style, statistic_type, statistic_lower, statistic_upper) values ('Czech Dark Lager', 'fg', 1.013, 1.017);
insert into vital_statistic (style, statistic_type, statistic_lower, statistic_upper) values ('Czech Dark Lager', 'og', 1.044, 1.060);
insert into vital_statistic (style, statistic_type, statistic_lower, statistic_upper) values ('Czech Dark Lager', 'ibu', 18.000, 34.000);
insert into vital_statistic (style, statistic_type, statistic_lower, statistic_upper) values ('Czech Dark Lager', 'srm', 14.000, 35.000);

insert into category (category_name, category_number) values ('Pale Malty European Lager', '4');

insert into style (style_name, style_letter, category_name) values ('Munich Helles', '4A', 'Pale Malty European Lager');
insert into style_tag (tag_name, style_name) values ('standard-strength', 'Munich Helles');
insert into style_tag (tag_name, style_name) values ('pale-color', 'Munich Helles');
insert into style_tag (tag_name, style_name) values ('bottom-fermented', 'Munich Helles');
insert into style_tag (tag_name, style_name) values ('lagered', 'Munich Helles');
insert into style_tag (tag_name, style_name) values ('central-europe', 'Munich Helles');
insert into style_tag (tag_name, style_name) values ('traditional-style', 'Munich Helles');
insert into style_tag (tag_name, style_name) values ('pale-lager-family', 'Munich Helles');
insert into style_tag (tag_name, style_name) values ('malty', 'Munich Helles');
insert into vital_statistic (style, statistic_type, statistic_lower, statistic_upper) values ('Munich Helles', 'abv', 4.700, 5.400);
insert into vital_statistic (style, statistic_type, statistic_lower, statistic_upper) values ('Munich Helles', 'fg', 1.006, 1.012);
insert into vital_statistic (style, statistic_type, statistic_lower, statistic_upper) values ('Munich Helles', 'og', 1.044, 1.048);
insert into vital_statistic (style, statistic_type, statistic_lower, statistic_upper) values ('Munich Helles', 'ibu', 16.000, 22.000);
insert into vital_statistic (style, statistic_type, statistic_lower, statistic_upper) values ('Munich Helles', 'srm', 3.000, 5.000);

insert into style (style_name, style_letter, category_name) values ('Festbier', '4B', 'Pale Malty European Lager');
insert into style_tag (tag_name, style_name) values ('standard-strength', 'Festbier');
insert into style_tag (tag_name, style_name) values ('pale-color', 'Festbier');
insert into style_tag (tag_name, style_name) values ('bottom-fermented', 'Festbier');
insert into style_tag (tag_name, style_name) values ('lagered', 'Festbier');
insert into style_tag (tag_name, style_name) values ('central-europe', 'Festbier');
insert into style_tag (tag_name, style_name) values ('traditional-style', 'Festbier');
insert into style_tag (tag_name, style_name) values ('pale-lager-family', 'Festbier');
insert into style_tag (tag_name, style_name) values ('malty', 'Festbier');
insert into vital_statistic (style, statistic_type, statistic_lower, statistic_upper) values ('Festbier', 'abv', 5.800, 6.300);
insert into vital_statistic (style, statistic_type, statistic_lower, statistic_upper) values ('Festbier', 'fg', 1.010, 1.012);
insert into vital_statistic (style, statistic_type, statistic_lower, statistic_upper) values ('Festbier', 'og', 1.054, 1.057);
insert into vital_statistic (style, statistic_type, statistic_lower, statistic_upper) values ('Festbier', 'ibu', 18.000, 25.000);
insert into vital_statistic (style, statistic_type, statistic_lower, statistic_upper) values ('Festbier', 'srm', 4.000, 7.000);

insert into style (style_name, style_letter, category_name) values ('Helles Bock', '4C', 'Pale Malty European Lager');
insert into style_tag (tag_name, style_name) values ('high-strength', 'Helles Bock');
insert into style_tag (tag_name, style_name) values ('pale-color', 'Helles Bock');
insert into style_tag (tag_name, style_name) values ('bottom-fermented', 'Helles Bock');
insert into style_tag (tag_name, style_name) values ('lagered', 'Helles Bock');
insert into style_tag (tag_name, style_name) values ('central-europe', 'Helles Bock');
insert into style_tag (tag_name, style_name) values ('traditional-style', 'Helles Bock');
insert into style_tag (tag_name, style_name) values ('bock-family', 'Helles Bock');
insert into style_tag (tag_name, style_name) values ('malty', 'Helles Bock');
insert into vital_statistic (style, statistic_type, statistic_lower, statistic_upper) values ('Helles Bock', 'abv', 6.300, 7.400);
insert into vital_statistic (style, statistic_type, statistic_lower, statistic_upper) values ('Helles Bock', 'fg', 1.011, 1.018);
insert into vital_statistic (style, statistic_type, statistic_lower, statistic_upper) values ('Helles Bock', 'og', 1.064, 1.072);
insert into vital_statistic (style, statistic_type, statistic_lower, statistic_upper) values ('Helles Bock', 'ibu', 23.000, 35.000);
insert into vital_statistic (style, statistic_type, statistic_lower, statistic_upper) values ('Helles Bock', 'srm', 6.000, 11.000);

insert into category (category_name, category_number) values ('Pale Bitter European Beer', '5');

insert into style (style_name, style_letter, category_name) values ('German Leichtbier', '5A', 'Pale Bitter European Beer');
insert into style_tag (tag_name, style_name) values ('session-strength', 'German Leichtbier');
insert into style_tag (tag_name, style_name) values ('pale-color', 'German Leichtbier');
insert into style_tag (tag_name, style_name) values ('bottom-fermented', 'German Leichtbier');
insert into style_tag (tag_name, style_name) values ('lagered', 'German Leichtbier');
insert into style_tag (tag_name, style_name) values ('central-europe', 'German Leichtbier');
insert into style_tag (tag_name, style_name) values ('traditional-style', 'German Leichtbier');
insert into style_tag (tag_name, style_name) values ('pale-lager-family', 'German Leichtbier');
insert into style_tag (tag_name, style_name) values ('bitter', 'German Leichtbier');
insert into style_tag (tag_name, style_name) values ('hoppy', 'German Leichtbier');
insert into vital_statistic (style, statistic_type, statistic_lower, statistic_upper) values ('German Leichtbier', 'abv', 2.400, 3.600);
insert into vital_statistic (style, statistic_type, statistic_lower, statistic_upper) values ('German Leichtbier', 'fg', 1.006, 1.010);
insert into vital_statistic (style, statistic_type, statistic_lower, statistic_upper) values ('German Leichtbier', 'og', 1.026, 1.034);
insert into vital_statistic (style, statistic_type, statistic_lower, statistic_upper) values ('German Leichtbier', 'ibu', 15.000, 28.000);
insert into vital_statistic (style, statistic_type, statistic_lower, statistic_upper) values ('German Leichtbier', 'srm', 2.000, 5.000);

insert into style (style_name, style_letter, category_name) values ('Kölsch', '5B', 'Pale Bitter European Beer');
insert into style_tag (tag_name, style_name) values ('standard-strength', 'Kölsch');
insert into style_tag (tag_name, style_name) values ('pale-color', 'Kölsch');
insert into style_tag (tag_name, style_name) values ('top-fermented', 'Kölsch');
insert into style_tag (tag_name, style_name) values ('lagered', 'Kölsch');
insert into style_tag (tag_name, style_name) values ('central-europe', 'Kölsch');
insert into style_tag (tag_name, style_name) values ('traditional-style', 'Kölsch');
insert into style_tag (tag_name, style_name) values ('pale-ale-family', 'Kölsch');
insert into style_tag (tag_name, style_name) values ('balanced', 'Kölsch');
insert into vital_statistic (style, statistic_type, statistic_lower, statistic_upper) values ('Kölsch', 'abv', 4.400, 5.200);
insert into vital_statistic (style, statistic_type, statistic_lower, statistic_upper) values ('Kölsch', 'fg', 1.007, 1.011);
insert into vital_statistic (style, statistic_type, statistic_lower, statistic_upper) values ('Kölsch', 'og', 1.044, 1.050);
insert into vital_statistic (style, statistic_type, statistic_lower, statistic_upper) values ('Kölsch', 'ibu', 18.000, 30.000);
insert into vital_statistic (style, statistic_type, statistic_lower, statistic_upper) values ('Kölsch', 'srm', 3.500, 5.000);

insert into style (style_name, style_letter, category_name) values ('German Helles Exportbier', '5C', 'Pale Bitter European Beer');
insert into style_tag (tag_name, style_name) values ('standard-strength', 'German Helles Exportbier');
insert into style_tag (tag_name, style_name) values ('pale-color', 'German Helles Exportbier');
insert into style_tag (tag_name, style_name) values ('bottom-fermented', 'German Helles Exportbier');
insert into style_tag (tag_name, style_name) values ('lagered', 'German Helles Exportbier');
insert into style_tag (tag_name, style_name) values ('central-europe', 'German Helles Exportbier');
insert into style_tag (tag_name, style_name) values ('traditional-style', 'German Helles Exportbier');
insert into style_tag (tag_name, style_name) values ('pale-lager-family', 'German Helles Exportbier');
insert into style_tag (tag_name, style_name) values ('balanced,', 'German Helles Exportbier');
insert into vital_statistic (style, statistic_type, statistic_lower, statistic_upper) values ('German Helles Exportbier', 'abv', 4.800, 6.000);
insert into vital_statistic (style, statistic_type, statistic_lower, statistic_upper) values ('German Helles Exportbier', 'fg', 1.010, 1.015);
insert into vital_statistic (style, statistic_type, statistic_lower, statistic_upper) values ('German Helles Exportbier', 'og', 1.048, 1.056);
insert into vital_statistic (style, statistic_type, statistic_lower, statistic_upper) values ('German Helles Exportbier', 'ibu', 20.000, 30.000);
insert into vital_statistic (style, statistic_type, statistic_lower, statistic_upper) values ('German Helles Exportbier', 'srm', 4.000, 7.000);

insert into style (style_name, style_letter, category_name) values ('German Pils', '5D', 'Pale Bitter European Beer');
insert into style_tag (tag_name, style_name) values ('standard-strength', 'German Pils');
insert into style_tag (tag_name, style_name) values ('pale-color', 'German Pils');
insert into style_tag (tag_name, style_name) values ('bottom-fermented', 'German Pils');
insert into style_tag (tag_name, style_name) values ('lagered', 'German Pils');
insert into style_tag (tag_name, style_name) values ('central-europe', 'German Pils');
insert into style_tag (tag_name, style_name) values ('traditional-style', 'German Pils');
insert into style_tag (tag_name, style_name) values ('pilsner-family', 'German Pils');
insert into style_tag (tag_name, style_name) values ('bitter', 'German Pils');
insert into style_tag (tag_name, style_name) values ('hoppy', 'German Pils');
insert into vital_statistic (style, statistic_type, statistic_lower, statistic_upper) values ('German Pils', 'abv', 4.400, 5.200);
insert into vital_statistic (style, statistic_type, statistic_lower, statistic_upper) values ('German Pils', 'fg', 1.008, 1.013);
insert into vital_statistic (style, statistic_type, statistic_lower, statistic_upper) values ('German Pils', 'og', 1.044, 1.050);
insert into vital_statistic (style, statistic_type, statistic_lower, statistic_upper) values ('German Pils', 'ibu', 22.000, 40.000);
insert into vital_statistic (style, statistic_type, statistic_lower, statistic_upper) values ('German Pils', 'srm', 2.000, 5.000);

insert into category (category_name, category_number) values ('Amber Malty European Lager', '6');

insert into style (style_name, style_letter, category_name) values ('Märzen', '6A', 'Amber Malty European Lager');
insert into style_tag (tag_name, style_name) values ('standard-strength', 'Märzen');
insert into style_tag (tag_name, style_name) values ('amber-color', 'Märzen');
insert into style_tag (tag_name, style_name) values ('bottom-fermented', 'Märzen');
insert into style_tag (tag_name, style_name) values ('lagered', 'Märzen');
insert into style_tag (tag_name, style_name) values ('central-europe', 'Märzen');
insert into style_tag (tag_name, style_name) values ('traditional-style', 'Märzen');
insert into style_tag (tag_name, style_name) values ('amber-lager-family', 'Märzen');
insert into style_tag (tag_name, style_name) values ('malty', 'Märzen');
insert into vital_statistic (style, statistic_type, statistic_lower, statistic_upper) values ('Märzen', 'abv', 5.800, 6.300);
insert into vital_statistic (style, statistic_type, statistic_lower, statistic_upper) values ('Märzen', 'fg', 1.010, 1.014);
insert into vital_statistic (style, statistic_type, statistic_lower, statistic_upper) values ('Märzen', 'og', 1.054, 1.060);
insert into vital_statistic (style, statistic_type, statistic_lower, statistic_upper) values ('Märzen', 'ibu', 18.000, 24.000);
insert into vital_statistic (style, statistic_type, statistic_lower, statistic_upper) values ('Märzen', 'srm', 8.000, 17.000);

insert into style (style_name, style_letter, category_name) values ('Rauchbier', '6B', 'Amber Malty European Lager');
insert into style_tag (tag_name, style_name) values ('standard-strength', 'Rauchbier');
insert into style_tag (tag_name, style_name) values ('amber-color', 'Rauchbier');
insert into style_tag (tag_name, style_name) values ('bottom-fermented', 'Rauchbier');
insert into style_tag (tag_name, style_name) values ('lagered', 'Rauchbier');
insert into style_tag (tag_name, style_name) values ('central-europe', 'Rauchbier');
insert into style_tag (tag_name, style_name) values ('traditional-style', 'Rauchbier');
insert into style_tag (tag_name, style_name) values ('amber-lager-family', 'Rauchbier');
insert into style_tag (tag_name, style_name) values ('malty', 'Rauchbier');
insert into style_tag (tag_name, style_name) values ('smoke', 'Rauchbier');
insert into vital_statistic (style, statistic_type, statistic_lower, statistic_upper) values ('Rauchbier', 'abv', 4.800, 6.000);
insert into vital_statistic (style, statistic_type, statistic_lower, statistic_upper) values ('Rauchbier', 'fg', 1.012, 1.016);
insert into vital_statistic (style, statistic_type, statistic_lower, statistic_upper) values ('Rauchbier', 'og', 1.050, 1.057);
insert into vital_statistic (style, statistic_type, statistic_lower, statistic_upper) values ('Rauchbier', 'ibu', 20.000, 30.000);
insert into vital_statistic (style, statistic_type, statistic_lower, statistic_upper) values ('Rauchbier', 'srm', 12.000, 22.000);

insert into style (style_name, style_letter, category_name) values ('Dunkles Bock', '6C', 'Amber Malty European Lager');
insert into style_tag (tag_name, style_name) values ('high-strength', 'Dunkles Bock');
insert into style_tag (tag_name, style_name) values ('amber-color', 'Dunkles Bock');
insert into style_tag (tag_name, style_name) values ('bottom-fermented', 'Dunkles Bock');
insert into style_tag (tag_name, style_name) values ('lagered', 'Dunkles Bock');
insert into style_tag (tag_name, style_name) values ('central-europe', 'Dunkles Bock');
insert into style_tag (tag_name, style_name) values ('traditional-style', 'Dunkles Bock');
insert into style_tag (tag_name, style_name) values ('bock-family', 'Dunkles Bock');
insert into style_tag (tag_name, style_name) values ('malty', 'Dunkles Bock');
insert into vital_statistic (style, statistic_type, statistic_lower, statistic_upper) values ('Dunkles Bock', 'abv', 6.300, 7.200);
insert into vital_statistic (style, statistic_type, statistic_lower, statistic_upper) values ('Dunkles Bock', 'fg', 1.013, 1.019);
insert into vital_statistic (style, statistic_type, statistic_lower, statistic_upper) values ('Dunkles Bock', 'og', 1.064, 1.072);
insert into vital_statistic (style, statistic_type, statistic_lower, statistic_upper) values ('Dunkles Bock', 'ibu', 20.000, 27.000);
insert into vital_statistic (style, statistic_type, statistic_lower, statistic_upper) values ('Dunkles Bock', 'srm', 14.000, 22.000);

insert into category (category_name, category_number) values ('Amber Bitter European Beer', '7');

insert into style (style_name, style_letter, category_name) values ('Vienna Lager', '7A', 'Amber Bitter European Beer');
insert into style_tag (tag_name, style_name) values ('standard-strength', 'Vienna Lager');
insert into style_tag (tag_name, style_name) values ('amber-color', 'Vienna Lager');
insert into style_tag (tag_name, style_name) values ('bottom-fermented', 'Vienna Lager');
insert into style_tag (tag_name, style_name) values ('lagered', 'Vienna Lager');
insert into style_tag (tag_name, style_name) values ('central-europe', 'Vienna Lager');
insert into style_tag (tag_name, style_name) values ('traditional-style', 'Vienna Lager');
insert into style_tag (tag_name, style_name) values ('amber-lager-family', 'Vienna Lager');
insert into style_tag (tag_name, style_name) values ('balanced', 'Vienna Lager');
insert into vital_statistic (style, statistic_type, statistic_lower, statistic_upper) values ('Vienna Lager', 'abv', 4.700, 5.500);
insert into vital_statistic (style, statistic_type, statistic_lower, statistic_upper) values ('Vienna Lager', 'fg', 1.010, 1.014);
insert into vital_statistic (style, statistic_type, statistic_lower, statistic_upper) values ('Vienna Lager', 'og', 1.048, 1.055);
insert into vital_statistic (style, statistic_type, statistic_lower, statistic_upper) values ('Vienna Lager', 'ibu', 18.000, 30.000);
insert into vital_statistic (style, statistic_type, statistic_lower, statistic_upper) values ('Vienna Lager', 'srm', 9.000, 15.000);

insert into style (style_name, style_letter, category_name) values ('Altbier', '7B', 'Amber Bitter European Beer');
insert into style_tag (tag_name, style_name) values ('standard-strength', 'Altbier');
insert into style_tag (tag_name, style_name) values ('amber-color', 'Altbier');
insert into style_tag (tag_name, style_name) values ('top-fermented', 'Altbier');
insert into style_tag (tag_name, style_name) values ('lagered', 'Altbier');
insert into style_tag (tag_name, style_name) values ('central-europe', 'Altbier');
insert into style_tag (tag_name, style_name) values ('traditional-style', 'Altbier');
insert into style_tag (tag_name, style_name) values ('amber-ale-family', 'Altbier');
insert into style_tag (tag_name, style_name) values ('bitter', 'Altbier');
insert into vital_statistic (style, statistic_type, statistic_lower, statistic_upper) values ('Altbier', 'abv', 4.300, 5.500);
insert into vital_statistic (style, statistic_type, statistic_lower, statistic_upper) values ('Altbier', 'fg', 1.008, 1.014);
insert into vital_statistic (style, statistic_type, statistic_lower, statistic_upper) values ('Altbier', 'og', 1.044, 1.052);
insert into vital_statistic (style, statistic_type, statistic_lower, statistic_upper) values ('Altbier', 'ibu', 25.000, 50.000);
insert into vital_statistic (style, statistic_type, statistic_lower, statistic_upper) values ('Altbier', 'srm', 11.000, 17.000);

insert into style (style_name, style_letter, category_name) values ('Kellerbier', '7C', 'Amber Bitter European Beer');
insert into style_tag (tag_name, style_name) values ('standard-strength', 'Kellerbier');
insert into style_tag (tag_name, style_name) values ('amber-color', 'Kellerbier');
insert into style_tag (tag_name, style_name) values ('bottom-fermenting', 'Kellerbier');
insert into style_tag (tag_name, style_name) values ('central-europe', 'Kellerbier');
insert into style_tag (tag_name, style_name) values ('traditional-style', 'Kellerbier');
insert into style_tag (tag_name, style_name) values ('balanced', 'Kellerbier');
insert into style_tag (tag_name, style_name) values ('amber-lager-family', 'Kellerbier');
insert into vital_statistic (style, statistic_type, statistic_lower, statistic_upper) values ('Kellerbier', 'abv', 4.800, 5.400);
insert into vital_statistic (style, statistic_type, statistic_lower, statistic_upper) values ('Kellerbier', 'fg', 1.012, 1.016);
insert into vital_statistic (style, statistic_type, statistic_lower, statistic_upper) values ('Kellerbier', 'og', 1.048, 1.054);
insert into vital_statistic (style, statistic_type, statistic_lower, statistic_upper) values ('Kellerbier', 'ibu', 25.000, 40.000);
insert into vital_statistic (style, statistic_type, statistic_lower, statistic_upper) values ('Kellerbier', 'srm', 7.000, 17.000);

insert into category (category_name, category_number) values ('Dark European Lager', '8');

insert into style (style_name, style_letter, category_name) values ('Munich Dunkel', '8A', 'Dark European Lager');
insert into style_tag (tag_name, style_name) values ('standard-strength', 'Munich Dunkel');
insert into style_tag (tag_name, style_name) values ('dark-color', 'Munich Dunkel');
insert into style_tag (tag_name, style_name) values ('bottom-fermented', 'Munich Dunkel');
insert into style_tag (tag_name, style_name) values ('lagered', 'Munich Dunkel');
insert into style_tag (tag_name, style_name) values ('central-europe', 'Munich Dunkel');
insert into style_tag (tag_name, style_name) values ('traditional-style', 'Munich Dunkel');
insert into style_tag (tag_name, style_name) values ('malty', 'Munich Dunkel');
insert into style_tag (tag_name, style_name) values ('dark-lager-family', 'Munich Dunkel');
insert into vital_statistic (style, statistic_type, statistic_lower, statistic_upper) values ('Munich Dunkel', 'abv', 4.500, 5.600);
insert into vital_statistic (style, statistic_type, statistic_lower, statistic_upper) values ('Munich Dunkel', 'fg', 1.010, 1.016);
insert into vital_statistic (style, statistic_type, statistic_lower, statistic_upper) values ('Munich Dunkel', 'og', 1.048, 1.056);
insert into vital_statistic (style, statistic_type, statistic_lower, statistic_upper) values ('Munich Dunkel', 'ibu', 18.000, 28.000);
insert into vital_statistic (style, statistic_type, statistic_lower, statistic_upper) values ('Munich Dunkel', 'srm', 14.000, 28.000);

insert into style (style_name, style_letter, category_name) values ('Schwarzbier', '8B', 'Dark European Lager');
insert into style_tag (tag_name, style_name) values ('standard-strength', 'Schwarzbier');
insert into style_tag (tag_name, style_name) values ('dark-color', 'Schwarzbier');
insert into style_tag (tag_name, style_name) values ('bottom-fermented', 'Schwarzbier');
insert into style_tag (tag_name, style_name) values ('lagered', 'Schwarzbier');
insert into style_tag (tag_name, style_name) values ('central-europe', 'Schwarzbier');
insert into style_tag (tag_name, style_name) values ('traditional-style', 'Schwarzbier');
insert into style_tag (tag_name, style_name) values ('balanced', 'Schwarzbier');
insert into style_tag (tag_name, style_name) values ('dark-lager-family', 'Schwarzbier');
insert into vital_statistic (style, statistic_type, statistic_lower, statistic_upper) values ('Schwarzbier', 'abv', 4.400, 5.400);
insert into vital_statistic (style, statistic_type, statistic_lower, statistic_upper) values ('Schwarzbier', 'fg', 1.010, 1.016);
insert into vital_statistic (style, statistic_type, statistic_lower, statistic_upper) values ('Schwarzbier', 'og', 1.046, 1.052);
insert into vital_statistic (style, statistic_type, statistic_lower, statistic_upper) values ('Schwarzbier', 'ibu', 20.000, 30.000);
insert into vital_statistic (style, statistic_type, statistic_lower, statistic_upper) values ('Schwarzbier', 'srm', 17.000, 30.000);

insert into category (category_name, category_number) values ('Strong European Beer', '9');

insert into style (style_name, style_letter, category_name) values ('Doppelbock', '9A', 'Strong European Beer');
insert into style_tag (tag_name, style_name) values ('high-strength', 'Doppelbock');
insert into style_tag (tag_name, style_name) values ('amber-color', 'Doppelbock');
insert into style_tag (tag_name, style_name) values ('pale-color', 'Doppelbock');
insert into style_tag (tag_name, style_name) values ('bottom-fermented', 'Doppelbock');
insert into style_tag (tag_name, style_name) values ('lagered', 'Doppelbock');
insert into style_tag (tag_name, style_name) values ('central-europe', 'Doppelbock');
insert into style_tag (tag_name, style_name) values ('traditional-style', 'Doppelbock');
insert into style_tag (tag_name, style_name) values ('bock-family', 'Doppelbock');
insert into style_tag (tag_name, style_name) values ('malty', 'Doppelbock');
insert into vital_statistic (style, statistic_type, statistic_lower, statistic_upper) values ('Doppelbock', 'abv', 7.000, 10.000);
insert into vital_statistic (style, statistic_type, statistic_lower, statistic_upper) values ('Doppelbock', 'fg', 1.016, 1.024);
insert into vital_statistic (style, statistic_type, statistic_lower, statistic_upper) values ('Doppelbock', 'og', 1.072, 1.112);
insert into vital_statistic (style, statistic_type, statistic_lower, statistic_upper) values ('Doppelbock', 'ibu', 16.000, 26.000);
insert into vital_statistic (style, statistic_type, statistic_lower, statistic_upper) values ('Doppelbock', 'srm', 6.000, 25.000);

insert into style (style_name, style_letter, category_name) values ('Eisbock', '9B', 'Strong European Beer');
insert into style_tag (tag_name, style_name) values ('very-high-strength', 'Eisbock');
insert into style_tag (tag_name, style_name) values ('amber-color', 'Eisbock');
insert into style_tag (tag_name, style_name) values ('bottom-fermented', 'Eisbock');
insert into style_tag (tag_name, style_name) values ('lagered', 'Eisbock');
insert into style_tag (tag_name, style_name) values ('central-europe', 'Eisbock');
insert into style_tag (tag_name, style_name) values ('traditional-style', 'Eisbock');
insert into style_tag (tag_name, style_name) values ('bock-family', 'Eisbock');
insert into style_tag (tag_name, style_name) values ('malty', 'Eisbock');
insert into vital_statistic (style, statistic_type, statistic_lower, statistic_upper) values ('Eisbock', 'abv', 9.000, 14.000);
insert into vital_statistic (style, statistic_type, statistic_lower, statistic_upper) values ('Eisbock', 'fg', 1.020, 1.035);
insert into vital_statistic (style, statistic_type, statistic_lower, statistic_upper) values ('Eisbock', 'og', 1.078, 1.120);
insert into vital_statistic (style, statistic_type, statistic_lower, statistic_upper) values ('Eisbock', 'ibu', 25.000, 35.000);
insert into vital_statistic (style, statistic_type, statistic_lower, statistic_upper) values ('Eisbock', 'srm', 18.000, 30.000);

insert into style (style_name, style_letter, category_name) values ('Baltic Porter', '9C', 'Strong European Beer');
insert into style_tag (tag_name, style_name) values ('high-strength', 'Baltic Porter');
insert into style_tag (tag_name, style_name) values ('dark-color', 'Baltic Porter');
insert into style_tag (tag_name, style_name) values ('any-fermentation', 'Baltic Porter');
insert into style_tag (tag_name, style_name) values ('lagered', 'Baltic Porter');
insert into style_tag (tag_name, style_name) values ('eastern-europe', 'Baltic Porter');
insert into style_tag (tag_name, style_name) values ('traditional-style', 'Baltic Porter');
insert into style_tag (tag_name, style_name) values ('porter-family', 'Baltic Porter');
insert into style_tag (tag_name, style_name) values ('malty', 'Baltic Porter');
insert into vital_statistic (style, statistic_type, statistic_lower, statistic_upper) values ('Baltic Porter', 'abv', 6.500, 9.500);
insert into vital_statistic (style, statistic_type, statistic_lower, statistic_upper) values ('Baltic Porter', 'fg', 1.016, 1.024);
insert into vital_statistic (style, statistic_type, statistic_lower, statistic_upper) values ('Baltic Porter', 'og', 1.060, 1.090);
insert into vital_statistic (style, statistic_type, statistic_lower, statistic_upper) values ('Baltic Porter', 'ibu', 20.000, 40.000);
insert into vital_statistic (style, statistic_type, statistic_lower, statistic_upper) values ('Baltic Porter', 'srm', 17.000, 30.000);

insert into category (category_name, category_number) values ('German Wheat Beer', '10');

insert into style (style_name, style_letter, category_name) values ('Weissbier', '10A', 'German Wheat Beer');
insert into style_tag (tag_name, style_name) values ('standard-strength', 'Weissbier');
insert into style_tag (tag_name, style_name) values ('pale-color', 'Weissbier');
insert into style_tag (tag_name, style_name) values ('top-fermented', 'Weissbier');
insert into style_tag (tag_name, style_name) values ('central-europe', 'Weissbier');
insert into style_tag (tag_name, style_name) values ('traditional-style', 'Weissbier');
insert into style_tag (tag_name, style_name) values ('wheat-beer-family', 'Weissbier');
insert into style_tag (tag_name, style_name) values ('malty', 'Weissbier');
insert into vital_statistic (style, statistic_type, statistic_lower, statistic_upper) values ('Weissbier', 'abv', 4.300, 5.600);
insert into vital_statistic (style, statistic_type, statistic_lower, statistic_upper) values ('Weissbier', 'fg', 1.010, 1.014);
insert into vital_statistic (style, statistic_type, statistic_lower, statistic_upper) values ('Weissbier', 'og', 1.044, 1.052);
insert into vital_statistic (style, statistic_type, statistic_lower, statistic_upper) values ('Weissbier', 'ibu', 8.000, 15.000);
insert into vital_statistic (style, statistic_type, statistic_lower, statistic_upper) values ('Weissbier', 'srm', 2.000, 6.000);

insert into style (style_name, style_letter, category_name) values ('Dunkles Weissbier', '10B', 'German Wheat Beer');
insert into style_tag (tag_name, style_name) values ('standard-strength', 'Dunkles Weissbier');
insert into style_tag (tag_name, style_name) values ('amber-color', 'Dunkles Weissbier');
insert into style_tag (tag_name, style_name) values ('top-fermented', 'Dunkles Weissbier');
insert into style_tag (tag_name, style_name) values ('central-europe', 'Dunkles Weissbier');
insert into style_tag (tag_name, style_name) values ('traditional-style', 'Dunkles Weissbier');
insert into style_tag (tag_name, style_name) values ('wheat-beer-family', 'Dunkles Weissbier');
insert into style_tag (tag_name, style_name) values ('malty', 'Dunkles Weissbier');
insert into vital_statistic (style, statistic_type, statistic_lower, statistic_upper) values ('Dunkles Weissbier', 'abv', 4.300, 5.600);
insert into vital_statistic (style, statistic_type, statistic_lower, statistic_upper) values ('Dunkles Weissbier', 'fg', 1.010, 1.014);
insert into vital_statistic (style, statistic_type, statistic_lower, statistic_upper) values ('Dunkles Weissbier', 'og', 1.044, 1.056);
insert into vital_statistic (style, statistic_type, statistic_lower, statistic_upper) values ('Dunkles Weissbier', 'ibu', 10.000, 18.000);
insert into vital_statistic (style, statistic_type, statistic_lower, statistic_upper) values ('Dunkles Weissbier', 'srm', 14.000, 23.000);

insert into style (style_name, style_letter, category_name) values ('Weizenbock', '10C', 'German Wheat Beer');
insert into style_tag (tag_name, style_name) values ('high-strength', 'Weizenbock');
insert into style_tag (tag_name, style_name) values ('amber-color', 'Weizenbock');
insert into style_tag (tag_name, style_name) values ('pale-color', 'Weizenbock');
insert into style_tag (tag_name, style_name) values ('top-fermented', 'Weizenbock');
insert into style_tag (tag_name, style_name) values ('central-europe', 'Weizenbock');
insert into style_tag (tag_name, style_name) values ('traditional-style', 'Weizenbock');
insert into style_tag (tag_name, style_name) values ('wheat-beer-family', 'Weizenbock');
insert into style_tag (tag_name, style_name) values ('malty', 'Weizenbock');
insert into vital_statistic (style, statistic_type, statistic_lower, statistic_upper) values ('Weizenbock', 'abv', 6.500, 9.000);
insert into vital_statistic (style, statistic_type, statistic_lower, statistic_upper) values ('Weizenbock', 'fg', 1.015, 1.022);
insert into vital_statistic (style, statistic_type, statistic_lower, statistic_upper) values ('Weizenbock', 'og', 1.064, 1.090);
insert into vital_statistic (style, statistic_type, statistic_lower, statistic_upper) values ('Weizenbock', 'ibu', 15.000, 30.000);
insert into vital_statistic (style, statistic_type, statistic_lower, statistic_upper) values ('Weizenbock', 'srm', 6.000, 25.000);

insert into category (category_name, category_number) values ('British Bitter', '11');

insert into style (style_name, style_letter, category_name) values ('Ordinary Bitter', '11A', 'British Bitter');
insert into style_tag (tag_name, style_name) values ('session-strength', 'Ordinary Bitter');
insert into style_tag (tag_name, style_name) values ('amber-color', 'Ordinary Bitter');
insert into style_tag (tag_name, style_name) values ('top-fermented', 'Ordinary Bitter');
insert into style_tag (tag_name, style_name) values ('british-isles', 'Ordinary Bitter');
insert into style_tag (tag_name, style_name) values ('traditional-style', 'Ordinary Bitter');
insert into style_tag (tag_name, style_name) values ('amber-ale-family', 'Ordinary Bitter');
insert into style_tag (tag_name, style_name) values ('bitter', 'Ordinary Bitter');
insert into vital_statistic (style, statistic_type, statistic_lower, statistic_upper) values ('Ordinary Bitter', 'abv', 3.200, 3.800);
insert into vital_statistic (style, statistic_type, statistic_lower, statistic_upper) values ('Ordinary Bitter', 'fg', 1.007, 1.011);
insert into vital_statistic (style, statistic_type, statistic_lower, statistic_upper) values ('Ordinary Bitter', 'og', 1.030, 1.039);
insert into vital_statistic (style, statistic_type, statistic_lower, statistic_upper) values ('Ordinary Bitter', 'ibu', 25.000, 35.000);
insert into vital_statistic (style, statistic_type, statistic_lower, statistic_upper) values ('Ordinary Bitter', 'srm', 8.000, 14.000);

insert into style (style_name, style_letter, category_name) values ('Best Bitter', '11B', 'British Bitter');
insert into style_tag (tag_name, style_name) values ('standard-strength', 'Best Bitter');
insert into style_tag (tag_name, style_name) values ('amber-color', 'Best Bitter');
insert into style_tag (tag_name, style_name) values ('top-fermented', 'Best Bitter');
insert into style_tag (tag_name, style_name) values ('british-isles', 'Best Bitter');
insert into style_tag (tag_name, style_name) values ('traditional-style', 'Best Bitter');
insert into style_tag (tag_name, style_name) values ('amber-ale-family', 'Best Bitter');
insert into style_tag (tag_name, style_name) values ('bitter', 'Best Bitter');
insert into vital_statistic (style, statistic_type, statistic_lower, statistic_upper) values ('Best Bitter', 'abv', 3.800, 4.600);
insert into vital_statistic (style, statistic_type, statistic_lower, statistic_upper) values ('Best Bitter', 'fg', 1.008, 1.012);
insert into vital_statistic (style, statistic_type, statistic_lower, statistic_upper) values ('Best Bitter', 'og', 1.040, 1.048);
insert into vital_statistic (style, statistic_type, statistic_lower, statistic_upper) values ('Best Bitter', 'ibu', 25.000, 40.000);
insert into vital_statistic (style, statistic_type, statistic_lower, statistic_upper) values ('Best Bitter', 'srm', 8.000, 16.000);

insert into style (style_name, style_letter, category_name) values ('Strong Bitter', '11C', 'British Bitter');
insert into style_tag (tag_name, style_name) values ('session-strength', 'Strong Bitter');
insert into style_tag (tag_name, style_name) values ('amber-color', 'Strong Bitter');
insert into style_tag (tag_name, style_name) values ('top-fermented', 'Strong Bitter');
insert into style_tag (tag_name, style_name) values ('british-isles', 'Strong Bitter');
insert into style_tag (tag_name, style_name) values ('traditional-style', 'Strong Bitter');
insert into style_tag (tag_name, style_name) values ('amber-ale-family', 'Strong Bitter');
insert into style_tag (tag_name, style_name) values ('bitter', 'Strong Bitter');
insert into vital_statistic (style, statistic_type, statistic_lower, statistic_upper) values ('Strong Bitter', 'abv', 4.600, 6.200);
insert into vital_statistic (style, statistic_type, statistic_lower, statistic_upper) values ('Strong Bitter', 'fg', 1.010, 1.016);
insert into vital_statistic (style, statistic_type, statistic_lower, statistic_upper) values ('Strong Bitter', 'og', 1.048, 1.060);
insert into vital_statistic (style, statistic_type, statistic_lower, statistic_upper) values ('Strong Bitter', 'ibu', 30.000, 50.000);
insert into vital_statistic (style, statistic_type, statistic_lower, statistic_upper) values ('Strong Bitter', 'srm', 8.000, 18.000);

insert into category (category_name, category_number) values ('Pale Commonwealth Beer', '12');

insert into style (style_name, style_letter, category_name) values ('British Golden Ale', '12A', 'Pale Commonwealth Beer');
insert into style_tag (tag_name, style_name) values ('standard-strength', 'British Golden Ale');
insert into style_tag (tag_name, style_name) values ('pale-color', 'British Golden Ale');
insert into style_tag (tag_name, style_name) values ('top-fermented', 'British Golden Ale');
insert into style_tag (tag_name, style_name) values ('british-isles', 'British Golden Ale');
insert into style_tag (tag_name, style_name) values ('craft-style', 'British Golden Ale');
insert into style_tag (tag_name, style_name) values ('pale-ale-family', 'British Golden Ale');
insert into style_tag (tag_name, style_name) values ('bitter', 'British Golden Ale');
insert into style_tag (tag_name, style_name) values ('hoppy', 'British Golden Ale');
insert into vital_statistic (style, statistic_type, statistic_lower, statistic_upper) values ('British Golden Ale', 'abv', 3.800, 5.000);
insert into vital_statistic (style, statistic_type, statistic_lower, statistic_upper) values ('British Golden Ale', 'fg', 1.006, 1.012);
insert into vital_statistic (style, statistic_type, statistic_lower, statistic_upper) values ('British Golden Ale', 'og', 1.038, 1.053);
insert into vital_statistic (style, statistic_type, statistic_lower, statistic_upper) values ('British Golden Ale', 'ibu', 20.000, 45.000);
insert into vital_statistic (style, statistic_type, statistic_lower, statistic_upper) values ('British Golden Ale', 'srm', 2.000, 6.000);

insert into style (style_name, style_letter, category_name) values ('Australian Sparkling Ale', '12B', 'Pale Commonwealth Beer');
insert into style_tag (tag_name, style_name) values ('standard-strength', 'Australian Sparkling Ale');
insert into style_tag (tag_name, style_name) values ('pale-color', 'Australian Sparkling Ale');
insert into style_tag (tag_name, style_name) values ('top-fermented', 'Australian Sparkling Ale');
insert into style_tag (tag_name, style_name) values ('pacific', 'Australian Sparkling Ale');
insert into style_tag (tag_name, style_name) values ('traditional-style', 'Australian Sparkling Ale');
insert into style_tag (tag_name, style_name) values ('pale-ale-family', 'Australian Sparkling Ale');
insert into style_tag (tag_name, style_name) values ('bitter', 'Australian Sparkling Ale');
insert into vital_statistic (style, statistic_type, statistic_lower, statistic_upper) values ('Australian Sparkling Ale', 'abv', 4.500, 6.000);
insert into vital_statistic (style, statistic_type, statistic_lower, statistic_upper) values ('Australian Sparkling Ale', 'fg', 1.004, 1.006);
insert into vital_statistic (style, statistic_type, statistic_lower, statistic_upper) values ('Australian Sparkling Ale', 'og', 1.038, 1.050);
insert into vital_statistic (style, statistic_type, statistic_lower, statistic_upper) values ('Australian Sparkling Ale', 'ibu', 20.000, 35.000);
insert into vital_statistic (style, statistic_type, statistic_lower, statistic_upper) values ('Australian Sparkling Ale', 'srm', 4.000, 7.000);

insert into style (style_name, style_letter, category_name) values ('English IPA', '12C', 'Pale Commonwealth Beer');
insert into style_tag (tag_name, style_name) values ('high-strength', 'English IPA');
insert into style_tag (tag_name, style_name) values ('pale-color', 'English IPA');
insert into style_tag (tag_name, style_name) values ('top-fermented', 'English IPA');
insert into style_tag (tag_name, style_name) values ('british-isles', 'English IPA');
insert into style_tag (tag_name, style_name) values ('traditional-style', 'English IPA');
insert into style_tag (tag_name, style_name) values ('ipa-family', 'English IPA');
insert into style_tag (tag_name, style_name) values ('bitter', 'English IPA');
insert into style_tag (tag_name, style_name) values ('hoppy', 'English IPA');
insert into vital_statistic (style, statistic_type, statistic_lower, statistic_upper) values ('English IPA', 'abv', 5.000, 7.500);
insert into vital_statistic (style, statistic_type, statistic_lower, statistic_upper) values ('English IPA', 'fg', 1.010, 1.018);
insert into vital_statistic (style, statistic_type, statistic_lower, statistic_upper) values ('English IPA', 'og', 1.050, 1.075);
insert into vital_statistic (style, statistic_type, statistic_lower, statistic_upper) values ('English IPA', 'ibu', 40.000, 60.000);
insert into vital_statistic (style, statistic_type, statistic_lower, statistic_upper) values ('English IPA', 'srm', 6.000, 14.000);

insert into category (category_name, category_number) values ('Brown British Beer', '13');

insert into style (style_name, style_letter, category_name) values ('Dark Mild', '13A', 'Brown British Beer');
insert into style_tag (tag_name, style_name) values ('session-strength', 'Dark Mild');
insert into style_tag (tag_name, style_name) values ('dark-color', 'Dark Mild');
insert into style_tag (tag_name, style_name) values ('top-fermented', 'Dark Mild');
insert into style_tag (tag_name, style_name) values ('british-isles', 'Dark Mild');
insert into style_tag (tag_name, style_name) values ('traditional-style', 'Dark Mild');
insert into style_tag (tag_name, style_name) values ('brown-ale-family', 'Dark Mild');
insert into style_tag (tag_name, style_name) values ('malty', 'Dark Mild');
insert into vital_statistic (style, statistic_type, statistic_lower, statistic_upper) values ('Dark Mild', 'abv', 3.000, 3.800);
insert into vital_statistic (style, statistic_type, statistic_lower, statistic_upper) values ('Dark Mild', 'fg', 1.008, 1.013);
insert into vital_statistic (style, statistic_type, statistic_lower, statistic_upper) values ('Dark Mild', 'og', 1.030, 1.038);
insert into vital_statistic (style, statistic_type, statistic_lower, statistic_upper) values ('Dark Mild', 'ibu', 10.000, 25.000);
insert into vital_statistic (style, statistic_type, statistic_lower, statistic_upper) values ('Dark Mild', 'srm', 12.000, 25.000);

insert into style (style_name, style_letter, category_name) values ('British Brown Ale', '13B', 'Brown British Beer');
insert into style_tag (tag_name, style_name) values ('standard-strength', 'British Brown Ale');
insert into style_tag (tag_name, style_name) values ('amber-color', 'British Brown Ale');
insert into style_tag (tag_name, style_name) values ('top-fermented', 'British Brown Ale');
insert into style_tag (tag_name, style_name) values ('british-isles', 'British Brown Ale');
insert into style_tag (tag_name, style_name) values ('traditional-style', 'British Brown Ale');
insert into style_tag (tag_name, style_name) values ('brown-ale-family', 'British Brown Ale');
insert into style_tag (tag_name, style_name) values ('malty', 'British Brown Ale');
insert into vital_statistic (style, statistic_type, statistic_lower, statistic_upper) values ('British Brown Ale', 'abv', 4.200, 5.400);
insert into vital_statistic (style, statistic_type, statistic_lower, statistic_upper) values ('British Brown Ale', 'fg', 1.008, 1.013);
insert into vital_statistic (style, statistic_type, statistic_lower, statistic_upper) values ('British Brown Ale', 'og', 1.040, 1.052);
insert into vital_statistic (style, statistic_type, statistic_lower, statistic_upper) values ('British Brown Ale', 'ibu', 20.000, 30.000);
insert into vital_statistic (style, statistic_type, statistic_lower, statistic_upper) values ('British Brown Ale', 'srm', 12.000, 22.000);

insert into style (style_name, style_letter, category_name) values ('English Porter', '13C', 'Brown British Beer');
insert into style_tag (tag_name, style_name) values ('standard-strength', 'English Porter');
insert into style_tag (tag_name, style_name) values ('dark-color', 'English Porter');
insert into style_tag (tag_name, style_name) values ('top-fermented', 'English Porter');
insert into style_tag (tag_name, style_name) values ('british-isles', 'English Porter');
insert into style_tag (tag_name, style_name) values ('traditional-style', 'English Porter');
insert into style_tag (tag_name, style_name) values ('porter-family', 'English Porter');
insert into style_tag (tag_name, style_name) values ('malty', 'English Porter');
insert into style_tag (tag_name, style_name) values ('roasty', 'English Porter');
insert into vital_statistic (style, statistic_type, statistic_lower, statistic_upper) values ('English Porter', 'abv', 4.000, 5.400);
insert into vital_statistic (style, statistic_type, statistic_lower, statistic_upper) values ('English Porter', 'fg', 1.008, 1.014);
insert into vital_statistic (style, statistic_type, statistic_lower, statistic_upper) values ('English Porter', 'og', 1.040, 1.052);
insert into vital_statistic (style, statistic_type, statistic_lower, statistic_upper) values ('English Porter', 'ibu', 18.000, 35.000);
insert into vital_statistic (style, statistic_type, statistic_lower, statistic_upper) values ('English Porter', 'srm', 20.000, 30.000);

insert into category (category_name, category_number) values ('Scottish Ale', '14');

insert into style (style_name, style_letter, category_name) values ('Scottish Light', '14A', 'Scottish Ale');
insert into style_tag (tag_name, style_name) values ('session-strength', 'Scottish Light');
insert into style_tag (tag_name, style_name) values ('amber-color', 'Scottish Light');
insert into style_tag (tag_name, style_name) values ('top-fermented', 'Scottish Light');
insert into style_tag (tag_name, style_name) values ('british-isles', 'Scottish Light');
insert into style_tag (tag_name, style_name) values ('traditional-style', 'Scottish Light');
insert into style_tag (tag_name, style_name) values ('amber-ale-family', 'Scottish Light');
insert into style_tag (tag_name, style_name) values ('malty', 'Scottish Light');
insert into vital_statistic (style, statistic_type, statistic_lower, statistic_upper) values ('Scottish Light', 'abv', 2.500, 3.200);
insert into vital_statistic (style, statistic_type, statistic_lower, statistic_upper) values ('Scottish Light', 'fg', 1.010, 1.013);
insert into vital_statistic (style, statistic_type, statistic_lower, statistic_upper) values ('Scottish Light', 'og', 1.030, 1.035);
insert into vital_statistic (style, statistic_type, statistic_lower, statistic_upper) values ('Scottish Light', 'ibu', 10.000, 20.000);
insert into vital_statistic (style, statistic_type, statistic_lower, statistic_upper) values ('Scottish Light', 'srm', 17.000, 22.000);

insert into style (style_name, style_letter, category_name) values ('Scottish Heavy', '14B', 'Scottish Ale');
insert into style_tag (tag_name, style_name) values ('session-strength', 'Scottish Heavy');
insert into style_tag (tag_name, style_name) values ('amber-color', 'Scottish Heavy');
insert into style_tag (tag_name, style_name) values ('top-fermented', 'Scottish Heavy');
insert into style_tag (tag_name, style_name) values ('british-isles', 'Scottish Heavy');
insert into style_tag (tag_name, style_name) values ('traditional-style', 'Scottish Heavy');
insert into style_tag (tag_name, style_name) values ('amber-ale-family', 'Scottish Heavy');
insert into style_tag (tag_name, style_name) values ('malty', 'Scottish Heavy');
insert into vital_statistic (style, statistic_type, statistic_lower, statistic_upper) values ('Scottish Heavy', 'abv', 3.200, 3.900);
insert into vital_statistic (style, statistic_type, statistic_lower, statistic_upper) values ('Scottish Heavy', 'fg', 1.010, 1.015);
insert into vital_statistic (style, statistic_type, statistic_lower, statistic_upper) values ('Scottish Heavy', 'og', 1.035, 1.040);
insert into vital_statistic (style, statistic_type, statistic_lower, statistic_upper) values ('Scottish Heavy', 'ibu', 10.000, 20.000);
insert into vital_statistic (style, statistic_type, statistic_lower, statistic_upper) values ('Scottish Heavy', 'srm', 13.000, 22.000);

insert into style (style_name, style_letter, category_name) values ('Scottish Export', '14C', 'Scottish Ale');
insert into style_tag (tag_name, style_name) values ('standard-strength', 'Scottish Export');
insert into style_tag (tag_name, style_name) values ('amber-color', 'Scottish Export');
insert into style_tag (tag_name, style_name) values ('top-fermented', 'Scottish Export');
insert into style_tag (tag_name, style_name) values ('british-isles', 'Scottish Export');
insert into style_tag (tag_name, style_name) values ('traditional-style', 'Scottish Export');
insert into style_tag (tag_name, style_name) values ('amber-ale-family', 'Scottish Export');
insert into style_tag (tag_name, style_name) values ('malty', 'Scottish Export');
insert into vital_statistic (style, statistic_type, statistic_lower, statistic_upper) values ('Scottish Export', 'abv', 3.900, 6.000);
insert into vital_statistic (style, statistic_type, statistic_lower, statistic_upper) values ('Scottish Export', 'fg', 1.010, 1.016);
insert into vital_statistic (style, statistic_type, statistic_lower, statistic_upper) values ('Scottish Export', 'og', 1.040, 1.060);
insert into vital_statistic (style, statistic_type, statistic_lower, statistic_upper) values ('Scottish Export', 'ibu', 15.000, 30.000);
insert into vital_statistic (style, statistic_type, statistic_lower, statistic_upper) values ('Scottish Export', 'srm', 13.000, 22.000);

insert into category (category_name, category_number) values ('Irish Beer', '15');

insert into style (style_name, style_letter, category_name) values ('Irish Red Ale', '15A', 'Irish Beer');
insert into style_tag (tag_name, style_name) values ('standard-strength', 'Irish Red Ale');
insert into style_tag (tag_name, style_name) values ('amber-color', 'Irish Red Ale');
insert into style_tag (tag_name, style_name) values ('top-fermented', 'Irish Red Ale');
insert into style_tag (tag_name, style_name) values ('british-isles', 'Irish Red Ale');
insert into style_tag (tag_name, style_name) values ('traditional-style', 'Irish Red Ale');
insert into style_tag (tag_name, style_name) values ('amber-ale-family', 'Irish Red Ale');
insert into style_tag (tag_name, style_name) values ('balanced', 'Irish Red Ale');
insert into vital_statistic (style, statistic_type, statistic_lower, statistic_upper) values ('Irish Red Ale', 'abv', 3.800, 5.000);
insert into vital_statistic (style, statistic_type, statistic_lower, statistic_upper) values ('Irish Red Ale', 'fg', 1.010, 1.014);
insert into vital_statistic (style, statistic_type, statistic_lower, statistic_upper) values ('Irish Red Ale', 'og', 1.036, 1.046);
insert into vital_statistic (style, statistic_type, statistic_lower, statistic_upper) values ('Irish Red Ale', 'ibu', 18.000, 28.000);
insert into vital_statistic (style, statistic_type, statistic_lower, statistic_upper) values ('Irish Red Ale', 'srm', 9.000, 14.000);

insert into style (style_name, style_letter, category_name) values ('Irish Stout', '15B', 'Irish Beer');
insert into style_tag (tag_name, style_name) values ('standard-strength', 'Irish Stout');
insert into style_tag (tag_name, style_name) values ('dark-color', 'Irish Stout');
insert into style_tag (tag_name, style_name) values ('top-fermented', 'Irish Stout');
insert into style_tag (tag_name, style_name) values ('british-isles', 'Irish Stout');
insert into style_tag (tag_name, style_name) values ('traditional-style', 'Irish Stout');
insert into style_tag (tag_name, style_name) values ('stout-family', 'Irish Stout');
insert into style_tag (tag_name, style_name) values ('bitter', 'Irish Stout');
insert into style_tag (tag_name, style_name) values ('roasty', 'Irish Stout');
insert into vital_statistic (style, statistic_type, statistic_lower, statistic_upper) values ('Irish Stout', 'abv', 4.000, 4.500);
insert into vital_statistic (style, statistic_type, statistic_lower, statistic_upper) values ('Irish Stout', 'fg', 1.007, 1.011);
insert into vital_statistic (style, statistic_type, statistic_lower, statistic_upper) values ('Irish Stout', 'og', 1.036, 1.044);
insert into vital_statistic (style, statistic_type, statistic_lower, statistic_upper) values ('Irish Stout', 'ibu', 25.000, 45.000);
insert into vital_statistic (style, statistic_type, statistic_lower, statistic_upper) values ('Irish Stout', 'srm', 25.000, 40.000);

insert into style (style_name, style_letter, category_name) values ('Irish Extra Stout', '15C', 'Irish Beer');
insert into style_tag (tag_name, style_name) values ('high-strength', 'Irish Extra Stout');
insert into style_tag (tag_name, style_name) values ('dark-color', 'Irish Extra Stout');
insert into style_tag (tag_name, style_name) values ('top-fermented', 'Irish Extra Stout');
insert into style_tag (tag_name, style_name) values ('british-isles', 'Irish Extra Stout');
insert into style_tag (tag_name, style_name) values ('traditional-style', 'Irish Extra Stout');
insert into style_tag (tag_name, style_name) values ('stout-family', 'Irish Extra Stout');
insert into style_tag (tag_name, style_name) values ('bitter', 'Irish Extra Stout');
insert into style_tag (tag_name, style_name) values ('roasty', 'Irish Extra Stout');
insert into vital_statistic (style, statistic_type, statistic_lower, statistic_upper) values ('Irish Extra Stout', 'abv', 5.500, 6.500);
insert into vital_statistic (style, statistic_type, statistic_lower, statistic_upper) values ('Irish Extra Stout', 'fg', 1.010, 1.014);
insert into vital_statistic (style, statistic_type, statistic_lower, statistic_upper) values ('Irish Extra Stout', 'og', 1.052, 1.062);
insert into vital_statistic (style, statistic_type, statistic_lower, statistic_upper) values ('Irish Extra Stout', 'ibu', 35.000, 50.000);
insert into vital_statistic (style, statistic_type, statistic_lower, statistic_upper) values ('Irish Extra Stout', 'srm', 25.000, 40.000);

insert into category (category_name, category_number) values ('Dark British Beer', '16');

insert into style (style_name, style_letter, category_name) values ('Sweet Stout', '16A', 'Dark British Beer');
insert into style_tag (tag_name, style_name) values ('standard-strength', 'Sweet Stout');
insert into style_tag (tag_name, style_name) values ('dark-color', 'Sweet Stout');
insert into style_tag (tag_name, style_name) values ('top-fermented', 'Sweet Stout');
insert into style_tag (tag_name, style_name) values ('british-isles', 'Sweet Stout');
insert into style_tag (tag_name, style_name) values ('traditional-style', 'Sweet Stout');
insert into style_tag (tag_name, style_name) values ('stout-family', 'Sweet Stout');
insert into style_tag (tag_name, style_name) values ('malty', 'Sweet Stout');
insert into style_tag (tag_name, style_name) values ('roasty', 'Sweet Stout');
insert into style_tag (tag_name, style_name) values ('sweet', 'Sweet Stout');
insert into vital_statistic (style, statistic_type, statistic_lower, statistic_upper) values ('Sweet Stout', 'abv', 4.000, 6.000);
insert into vital_statistic (style, statistic_type, statistic_lower, statistic_upper) values ('Sweet Stout', 'fg', 1.012, 1.024);
insert into vital_statistic (style, statistic_type, statistic_lower, statistic_upper) values ('Sweet Stout', 'og', 1.044, 1.060);
insert into vital_statistic (style, statistic_type, statistic_lower, statistic_upper) values ('Sweet Stout', 'ibu', 20.000, 40.000);
insert into vital_statistic (style, statistic_type, statistic_lower, statistic_upper) values ('Sweet Stout', 'srm', 30.000, 40.000);

insert into style (style_name, style_letter, category_name) values ('Oatmeal Stout', '16B', 'Dark British Beer');
insert into style_tag (tag_name, style_name) values ('standard-strength', 'Oatmeal Stout');
insert into style_tag (tag_name, style_name) values ('dark-color', 'Oatmeal Stout');
insert into style_tag (tag_name, style_name) values ('top-fermented', 'Oatmeal Stout');
insert into style_tag (tag_name, style_name) values ('british-isles', 'Oatmeal Stout');
insert into style_tag (tag_name, style_name) values ('traditional-style', 'Oatmeal Stout');
insert into style_tag (tag_name, style_name) values ('stout-family', 'Oatmeal Stout');
insert into style_tag (tag_name, style_name) values ('balanced', 'Oatmeal Stout');
insert into style_tag (tag_name, style_name) values ('roasty', 'Oatmeal Stout');
insert into vital_statistic (style, statistic_type, statistic_lower, statistic_upper) values ('Oatmeal Stout', 'abv', 4.200, 5.900);
insert into vital_statistic (style, statistic_type, statistic_lower, statistic_upper) values ('Oatmeal Stout', 'fg', 1.010, 1.018);
insert into vital_statistic (style, statistic_type, statistic_lower, statistic_upper) values ('Oatmeal Stout', 'og', 1.045, 1.065);
insert into vital_statistic (style, statistic_type, statistic_lower, statistic_upper) values ('Oatmeal Stout', 'ibu', 25.000, 40.000);
insert into vital_statistic (style, statistic_type, statistic_lower, statistic_upper) values ('Oatmeal Stout', 'srm', 22.000, 40.000);

insert into style (style_name, style_letter, category_name) values ('Tropical Stout', '16C', 'Dark British Beer');
insert into style_tag (tag_name, style_name) values ('high-strength', 'Tropical Stout');
insert into style_tag (tag_name, style_name) values ('dark-color', 'Tropical Stout');
insert into style_tag (tag_name, style_name) values ('top-fermented', 'Tropical Stout');
insert into style_tag (tag_name, style_name) values ('british-isles', 'Tropical Stout');
insert into style_tag (tag_name, style_name) values ('traditional-style', 'Tropical Stout');
insert into style_tag (tag_name, style_name) values ('stout-family', 'Tropical Stout');
insert into style_tag (tag_name, style_name) values ('malty', 'Tropical Stout');
insert into style_tag (tag_name, style_name) values ('roasty', 'Tropical Stout');
insert into style_tag (tag_name, style_name) values ('sweet', 'Tropical Stout');
insert into vital_statistic (style, statistic_type, statistic_lower, statistic_upper) values ('Tropical Stout', 'abv', 5.500, 8.000);
insert into vital_statistic (style, statistic_type, statistic_lower, statistic_upper) values ('Tropical Stout', 'fg', 1.010, 1.018);
insert into vital_statistic (style, statistic_type, statistic_lower, statistic_upper) values ('Tropical Stout', 'og', 1.056, 1.075);
insert into vital_statistic (style, statistic_type, statistic_lower, statistic_upper) values ('Tropical Stout', 'ibu', 30.000, 50.000);
insert into vital_statistic (style, statistic_type, statistic_lower, statistic_upper) values ('Tropical Stout', 'srm', 30.000, 40.000);

insert into style (style_name, style_letter, category_name) values ('Foreign Extra Stout', '16D', 'Dark British Beer');
insert into style_tag (tag_name, style_name) values ('high-strength', 'Foreign Extra Stout');
insert into style_tag (tag_name, style_name) values ('dark-color', 'Foreign Extra Stout');
insert into style_tag (tag_name, style_name) values ('top-fermented', 'Foreign Extra Stout');
insert into style_tag (tag_name, style_name) values ('british-isles', 'Foreign Extra Stout');
insert into style_tag (tag_name, style_name) values ('traditional-style', 'Foreign Extra Stout');
insert into style_tag (tag_name, style_name) values ('stout-family', 'Foreign Extra Stout');
insert into style_tag (tag_name, style_name) values ('balanced', 'Foreign Extra Stout');
insert into style_tag (tag_name, style_name) values ('roasty', 'Foreign Extra Stout');
insert into vital_statistic (style, statistic_type, statistic_lower, statistic_upper) values ('Foreign Extra Stout', 'abv', 6.300, 8.000);
insert into vital_statistic (style, statistic_type, statistic_lower, statistic_upper) values ('Foreign Extra Stout', 'fg', 1.010, 1.018);
insert into vital_statistic (style, statistic_type, statistic_lower, statistic_upper) values ('Foreign Extra Stout', 'og', 1.056, 1.075);
insert into vital_statistic (style, statistic_type, statistic_lower, statistic_upper) values ('Foreign Extra Stout', 'ibu', 50.000, 70.000);
insert into vital_statistic (style, statistic_type, statistic_lower, statistic_upper) values ('Foreign Extra Stout', 'srm', 30.000, 40.000);

insert into category (category_name, category_number) values ('Strong British Ale', '17');

insert into style (style_name, style_letter, category_name) values ('British Strong Ale', '17A', 'Strong British Ale');
insert into style_tag (tag_name, style_name) values ('high-strength', 'British Strong Ale');
insert into style_tag (tag_name, style_name) values ('amber-color', 'British Strong Ale');
insert into style_tag (tag_name, style_name) values ('top-fermented', 'British Strong Ale');
insert into style_tag (tag_name, style_name) values ('british-isles', 'British Strong Ale');
insert into style_tag (tag_name, style_name) values ('traditional-style', 'British Strong Ale');
insert into style_tag (tag_name, style_name) values ('strong-ale-family', 'British Strong Ale');
insert into style_tag (tag_name, style_name) values ('malty', 'British Strong Ale');
insert into vital_statistic (style, statistic_type, statistic_lower, statistic_upper) values ('British Strong Ale', 'abv', 5.500, 8.000);
insert into vital_statistic (style, statistic_type, statistic_lower, statistic_upper) values ('British Strong Ale', 'fg', 1.015, 1.022);
insert into vital_statistic (style, statistic_type, statistic_lower, statistic_upper) values ('British Strong Ale', 'og', 1.055, 1.080);
insert into vital_statistic (style, statistic_type, statistic_lower, statistic_upper) values ('British Strong Ale', 'ibu', 30.000, 60.000);
insert into vital_statistic (style, statistic_type, statistic_lower, statistic_upper) values ('British Strong Ale', 'srm', 8.000, 22.000);

insert into style (style_name, style_letter, category_name) values ('Old Ale', '17B', 'Strong British Ale');
insert into style_tag (tag_name, style_name) values ('high-strength', 'Old Ale');
insert into style_tag (tag_name, style_name) values ('amber-color', 'Old Ale');
insert into style_tag (tag_name, style_name) values ('top-fermented', 'Old Ale');
insert into style_tag (tag_name, style_name) values ('british-isles', 'Old Ale');
insert into style_tag (tag_name, style_name) values ('traditional-style', 'Old Ale');
insert into style_tag (tag_name, style_name) values ('strong-ale-family', 'Old Ale');
insert into style_tag (tag_name, style_name) values ('malty', 'Old Ale');
insert into style_tag (tag_name, style_name) values ('aged', 'Old Ale');
insert into vital_statistic (style, statistic_type, statistic_lower, statistic_upper) values ('Old Ale', 'abv', 5.500, 9.000);
insert into vital_statistic (style, statistic_type, statistic_lower, statistic_upper) values ('Old Ale', 'fg', 1.015, 1.022);
insert into vital_statistic (style, statistic_type, statistic_lower, statistic_upper) values ('Old Ale', 'og', 1.055, 1.088);
insert into vital_statistic (style, statistic_type, statistic_lower, statistic_upper) values ('Old Ale', 'ibu', 30.000, 60.000);
insert into vital_statistic (style, statistic_type, statistic_lower, statistic_upper) values ('Old Ale', 'srm', 10.000, 22.000);

insert into style (style_name, style_letter, category_name) values ('Wee Heavy', '17C', 'Strong British Ale');
insert into style_tag (tag_name, style_name) values ('high-strength', 'Wee Heavy');
insert into style_tag (tag_name, style_name) values ('amber-color', 'Wee Heavy');
insert into style_tag (tag_name, style_name) values ('top-fermented', 'Wee Heavy');
insert into style_tag (tag_name, style_name) values ('british-isles', 'Wee Heavy');
insert into style_tag (tag_name, style_name) values ('traditional-style', 'Wee Heavy');
insert into style_tag (tag_name, style_name) values ('strong-ale-family', 'Wee Heavy');
insert into style_tag (tag_name, style_name) values ('malty', 'Wee Heavy');
insert into vital_statistic (style, statistic_type, statistic_lower, statistic_upper) values ('Wee Heavy', 'abv', 6.500, 10.000);
insert into vital_statistic (style, statistic_type, statistic_lower, statistic_upper) values ('Wee Heavy', 'fg', 1.018, 1.040);
insert into vital_statistic (style, statistic_type, statistic_lower, statistic_upper) values ('Wee Heavy', 'og', 1.070, 1.130);
insert into vital_statistic (style, statistic_type, statistic_lower, statistic_upper) values ('Wee Heavy', 'ibu', 17.000, 35.000);
insert into vital_statistic (style, statistic_type, statistic_lower, statistic_upper) values ('Wee Heavy', 'srm', 14.000, 25.000);

insert into style (style_name, style_letter, category_name) values ('English Barleywine', '17D', 'Strong British Ale');
insert into style_tag (tag_name, style_name) values ('very-high-strength', 'English Barleywine');
insert into style_tag (tag_name, style_name) values ('amber-color', 'English Barleywine');
insert into style_tag (tag_name, style_name) values ('top-fermented', 'English Barleywine');
insert into style_tag (tag_name, style_name) values ('british-isles', 'English Barleywine');
insert into style_tag (tag_name, style_name) values ('traditional-style', 'English Barleywine');
insert into style_tag (tag_name, style_name) values ('strong-ale-family', 'English Barleywine');
insert into style_tag (tag_name, style_name) values ('malty', 'English Barleywine');
insert into vital_statistic (style, statistic_type, statistic_lower, statistic_upper) values ('English Barleywine', 'abv', 8.000, 12.000);
insert into vital_statistic (style, statistic_type, statistic_lower, statistic_upper) values ('English Barleywine', 'fg', 1.018, 1.030);
insert into vital_statistic (style, statistic_type, statistic_lower, statistic_upper) values ('English Barleywine', 'og', 1.080, 1.120);
insert into vital_statistic (style, statistic_type, statistic_lower, statistic_upper) values ('English Barleywine', 'ibu', 35.000, 70.000);
insert into vital_statistic (style, statistic_type, statistic_lower, statistic_upper) values ('English Barleywine', 'srm', 8.000, 22.000);

insert into category (category_name, category_number) values ('Pale American Ale', '18');

insert into style (style_name, style_letter, category_name) values ('Blonde Ale', '18A', 'Pale American Ale');
insert into style_tag (tag_name, style_name) values ('standard-strength', 'Blonde Ale');
insert into style_tag (tag_name, style_name) values ('pale-color', 'Blonde Ale');
insert into style_tag (tag_name, style_name) values ('any-fermentation', 'Blonde Ale');
insert into style_tag (tag_name, style_name) values ('north-america', 'Blonde Ale');
insert into style_tag (tag_name, style_name) values ('craft-style', 'Blonde Ale');
insert into style_tag (tag_name, style_name) values ('pale-ale-family', 'Blonde Ale');
insert into style_tag (tag_name, style_name) values ('balanced', 'Blonde Ale');
insert into vital_statistic (style, statistic_type, statistic_lower, statistic_upper) values ('Blonde Ale', 'abv', 3.800, 5.500);
insert into vital_statistic (style, statistic_type, statistic_lower, statistic_upper) values ('Blonde Ale', 'fg', 1.008, 1.013);
insert into vital_statistic (style, statistic_type, statistic_lower, statistic_upper) values ('Blonde Ale', 'og', 1.038, 1.054);
insert into vital_statistic (style, statistic_type, statistic_lower, statistic_upper) values ('Blonde Ale', 'ibu', 15.000, 28.000);
insert into vital_statistic (style, statistic_type, statistic_lower, statistic_upper) values ('Blonde Ale', 'srm', 3.000, 6.000);

insert into style (style_name, style_letter, category_name) values ('American Pale Ale', '18B', 'Pale American Ale');
insert into style_tag (tag_name, style_name) values ('standard-strength', 'American Pale Ale');
insert into style_tag (tag_name, style_name) values ('pale-color', 'American Pale Ale');
insert into style_tag (tag_name, style_name) values ('top-fermented', 'American Pale Ale');
insert into style_tag (tag_name, style_name) values ('north-america', 'American Pale Ale');
insert into style_tag (tag_name, style_name) values ('craft-style', 'American Pale Ale');
insert into style_tag (tag_name, style_name) values ('pale-ale-family', 'American Pale Ale');
insert into style_tag (tag_name, style_name) values ('bitter', 'American Pale Ale');
insert into style_tag (tag_name, style_name) values ('hoppy', 'American Pale Ale');
insert into vital_statistic (style, statistic_type, statistic_lower, statistic_upper) values ('American Pale Ale', 'abv', 4.500, 6.200);
insert into vital_statistic (style, statistic_type, statistic_lower, statistic_upper) values ('American Pale Ale', 'fg', 1.010, 1.015);
insert into vital_statistic (style, statistic_type, statistic_lower, statistic_upper) values ('American Pale Ale', 'og', 1.045, 1.060);
insert into vital_statistic (style, statistic_type, statistic_lower, statistic_upper) values ('American Pale Ale', 'ibu', 30.000, 50.000);
insert into vital_statistic (style, statistic_type, statistic_lower, statistic_upper) values ('American Pale Ale', 'srm', 5.000, 10.000);

insert into category (category_name, category_number) values ('Amber And Brown American Beer', '19');

insert into style (style_name, style_letter, category_name) values ('American Amber Ale', '19A', 'Amber And Brown American Beer');
insert into style_tag (tag_name, style_name) values ('standard-strength', 'American Amber Ale');
insert into style_tag (tag_name, style_name) values ('amber-color', 'American Amber Ale');
insert into style_tag (tag_name, style_name) values ('top-fermented', 'American Amber Ale');
insert into style_tag (tag_name, style_name) values ('north-america', 'American Amber Ale');
insert into style_tag (tag_name, style_name) values ('craft-style', 'American Amber Ale');
insert into style_tag (tag_name, style_name) values ('amber-ale-family', 'American Amber Ale');
insert into style_tag (tag_name, style_name) values ('balanced', 'American Amber Ale');
insert into style_tag (tag_name, style_name) values ('hoppy', 'American Amber Ale');
insert into vital_statistic (style, statistic_type, statistic_lower, statistic_upper) values ('American Amber Ale', 'abv', 4.500, 6.200);
insert into vital_statistic (style, statistic_type, statistic_lower, statistic_upper) values ('American Amber Ale', 'fg', 1.010, 1.015);
insert into vital_statistic (style, statistic_type, statistic_lower, statistic_upper) values ('American Amber Ale', 'og', 1.045, 1.060);
insert into vital_statistic (style, statistic_type, statistic_lower, statistic_upper) values ('American Amber Ale', 'ibu', 25.000, 40.000);
insert into vital_statistic (style, statistic_type, statistic_lower, statistic_upper) values ('American Amber Ale', 'srm', 10.000, 17.000);

insert into style (style_name, style_letter, category_name) values ('California Common', '19B', 'Amber And Brown American Beer');
insert into style_tag (tag_name, style_name) values ('standard-strength', 'California Common');
insert into style_tag (tag_name, style_name) values ('amber-color', 'California Common');
insert into style_tag (tag_name, style_name) values ('bottom-fermented', 'California Common');
insert into style_tag (tag_name, style_name) values ('north-america', 'California Common');
insert into style_tag (tag_name, style_name) values ('traditional-style', 'California Common');
insert into style_tag (tag_name, style_name) values ('amber-lager-family', 'California Common');
insert into style_tag (tag_name, style_name) values ('bitter', 'California Common');
insert into style_tag (tag_name, style_name) values ('hoppy', 'California Common');
insert into vital_statistic (style, statistic_type, statistic_lower, statistic_upper) values ('California Common', 'abv', 4.500, 5.500);
insert into vital_statistic (style, statistic_type, statistic_lower, statistic_upper) values ('California Common', 'fg', 1.011, 1.014);
insert into vital_statistic (style, statistic_type, statistic_lower, statistic_upper) values ('California Common', 'og', 1.048, 1.054);
insert into vital_statistic (style, statistic_type, statistic_lower, statistic_upper) values ('California Common', 'ibu', 30.000, 45.000);
insert into vital_statistic (style, statistic_type, statistic_lower, statistic_upper) values ('California Common', 'srm', 10.000, 14.000);

insert into style (style_name, style_letter, category_name) values ('American Brown Ale', '19C', 'Amber And Brown American Beer');
insert into style_tag (tag_name, style_name) values ('standard-strength', 'American Brown Ale');
insert into style_tag (tag_name, style_name) values ('dark-color', 'American Brown Ale');
insert into style_tag (tag_name, style_name) values ('top-fermented', 'American Brown Ale');
insert into style_tag (tag_name, style_name) values ('north-america', 'American Brown Ale');
insert into style_tag (tag_name, style_name) values ('craft-style', 'American Brown Ale');
insert into style_tag (tag_name, style_name) values ('brown-ale-family', 'American Brown Ale');
insert into style_tag (tag_name, style_name) values ('balanced', 'American Brown Ale');
insert into style_tag (tag_name, style_name) values ('hoppy', 'American Brown Ale');
insert into vital_statistic (style, statistic_type, statistic_lower, statistic_upper) values ('American Brown Ale', 'abv', 4.300, 6.200);
insert into vital_statistic (style, statistic_type, statistic_lower, statistic_upper) values ('American Brown Ale', 'fg', 1.010, 1.016);
insert into vital_statistic (style, statistic_type, statistic_lower, statistic_upper) values ('American Brown Ale', 'og', 1.045, 1.060);
insert into vital_statistic (style, statistic_type, statistic_lower, statistic_upper) values ('American Brown Ale', 'ibu', 20.000, 30.000);
insert into vital_statistic (style, statistic_type, statistic_lower, statistic_upper) values ('American Brown Ale', 'srm', 18.000, 35.000);

insert into category (category_name, category_number) values ('American Porter And Stout', '20');

insert into style (style_name, style_letter, category_name) values ('American Porter', '20A', 'American Porter And Stout');
insert into style_tag (tag_name, style_name) values ('standard-strength', 'American Porter');
insert into style_tag (tag_name, style_name) values ('dark-color', 'American Porter');
insert into style_tag (tag_name, style_name) values ('top-fermented', 'American Porter');
insert into style_tag (tag_name, style_name) values ('north-america', 'American Porter');
insert into style_tag (tag_name, style_name) values ('craft-style', 'American Porter');
insert into style_tag (tag_name, style_name) values ('porter-family', 'American Porter');
insert into style_tag (tag_name, style_name) values ('bitter', 'American Porter');
insert into style_tag (tag_name, style_name) values ('roasty', 'American Porter');
insert into style_tag (tag_name, style_name) values ('hoppy', 'American Porter');
insert into vital_statistic (style, statistic_type, statistic_lower, statistic_upper) values ('American Porter', 'abv', 4.800, 6.500);
insert into vital_statistic (style, statistic_type, statistic_lower, statistic_upper) values ('American Porter', 'fg', 1.012, 1.018);
insert into vital_statistic (style, statistic_type, statistic_lower, statistic_upper) values ('American Porter', 'og', 1.050, 1.070);
insert into vital_statistic (style, statistic_type, statistic_lower, statistic_upper) values ('American Porter', 'ibu', 25.000, 50.000);
insert into vital_statistic (style, statistic_type, statistic_lower, statistic_upper) values ('American Porter', 'srm', 22.000, 40.000);

insert into style (style_name, style_letter, category_name) values ('American Stout', '20B', 'American Porter And Stout');
insert into style_tag (tag_name, style_name) values ('high-strength', 'American Stout');
insert into style_tag (tag_name, style_name) values ('dark-color', 'American Stout');
insert into style_tag (tag_name, style_name) values ('top-fermented', 'American Stout');
insert into style_tag (tag_name, style_name) values ('north-america', 'American Stout');
insert into style_tag (tag_name, style_name) values ('craft-style', 'American Stout');
insert into style_tag (tag_name, style_name) values ('stout-family', 'American Stout');
insert into style_tag (tag_name, style_name) values ('bitter', 'American Stout');
insert into style_tag (tag_name, style_name) values ('roasty', 'American Stout');
insert into style_tag (tag_name, style_name) values ('hoppy', 'American Stout');
insert into vital_statistic (style, statistic_type, statistic_lower, statistic_upper) values ('American Stout', 'abv', 5.000, 7.000);
insert into vital_statistic (style, statistic_type, statistic_lower, statistic_upper) values ('American Stout', 'fg', 1.010, 1.022);
insert into vital_statistic (style, statistic_type, statistic_lower, statistic_upper) values ('American Stout', 'og', 1.050, 1.075);
insert into vital_statistic (style, statistic_type, statistic_lower, statistic_upper) values ('American Stout', 'ibu', 35.000, 75.000);
insert into vital_statistic (style, statistic_type, statistic_lower, statistic_upper) values ('American Stout', 'srm', 30.000, 40.000);

insert into style (style_name, style_letter, category_name) values ('Imperial Stout', '20C', 'American Porter And Stout');
insert into style_tag (tag_name, style_name) values ('very-high-strength', 'Imperial Stout');
insert into style_tag (tag_name, style_name) values ('dark-color', 'Imperial Stout');
insert into style_tag (tag_name, style_name) values ('top-fermented', 'Imperial Stout');
insert into style_tag (tag_name, style_name) values ('british-isles', 'Imperial Stout');
insert into style_tag (tag_name, style_name) values ('north-america', 'Imperial Stout');
insert into style_tag (tag_name, style_name) values ('traditional-style', 'Imperial Stout');
insert into style_tag (tag_name, style_name) values ('craft-style', 'Imperial Stout');
insert into style_tag (tag_name, style_name) values ('stout-family', 'Imperial Stout');
insert into style_tag (tag_name, style_name) values ('malty', 'Imperial Stout');
insert into style_tag (tag_name, style_name) values ('bitter', 'Imperial Stout');
insert into style_tag (tag_name, style_name) values ('roasty', 'Imperial Stout');
insert into vital_statistic (style, statistic_type, statistic_lower, statistic_upper) values ('Imperial Stout', 'abv', 8.000, 12.000);
insert into vital_statistic (style, statistic_type, statistic_lower, statistic_upper) values ('Imperial Stout', 'fg', 1.018, 1.030);
insert into vital_statistic (style, statistic_type, statistic_lower, statistic_upper) values ('Imperial Stout', 'og', 1.075, 1.115);
insert into vital_statistic (style, statistic_type, statistic_lower, statistic_upper) values ('Imperial Stout', 'ibu', 50.000, 90.000);
insert into vital_statistic (style, statistic_type, statistic_lower, statistic_upper) values ('Imperial Stout', 'srm', 30.000, 40.000);

insert into category (category_name, category_number) values ('IPA', '21');

insert into style (style_name, style_letter, category_name) values ('American IPA', '21A', 'IPA');
insert into style_tag (tag_name, style_name) values ('high-strength', 'American IPA');
insert into style_tag (tag_name, style_name) values ('pale-color', 'American IPA');
insert into style_tag (tag_name, style_name) values ('top-fermented', 'American IPA');
insert into style_tag (tag_name, style_name) values ('north-america', 'American IPA');
insert into style_tag (tag_name, style_name) values ('craft-style', 'American IPA');
insert into style_tag (tag_name, style_name) values ('ipa-family', 'American IPA');
insert into style_tag (tag_name, style_name) values ('bitter', 'American IPA');
insert into style_tag (tag_name, style_name) values ('hoppy', 'American IPA');
insert into vital_statistic (style, statistic_type, statistic_lower, statistic_upper) values ('American IPA', 'abv', 5.500, 7.500);
insert into vital_statistic (style, statistic_type, statistic_lower, statistic_upper) values ('American IPA', 'fg', 1.008, 1.014);
insert into vital_statistic (style, statistic_type, statistic_lower, statistic_upper) values ('American IPA', 'og', 1.056, 1.070);
insert into vital_statistic (style, statistic_type, statistic_lower, statistic_upper) values ('American IPA', 'ibu', 40.000, 70.000);
insert into vital_statistic (style, statistic_type, statistic_lower, statistic_upper) values ('American IPA', 'srm', 6.000, 14.000);

insert into style (style_name, style_letter, category_name) values ('Specialty IPA', '21B', 'IPA');
insert into style_tag (tag_name, style_name) values ('', 'Specialty IPA');
insert into vital_statistic (style, statistic_type) values ('Specialty IPA', 'abv');
insert into vital_statistic (style, statistic_type) values ('Specialty IPA', 'fg');
insert into vital_statistic (style, statistic_type) values ('Specialty IPA', 'og');
insert into vital_statistic (style, statistic_type) values ('Specialty IPA', 'ibu');
insert into vital_statistic (style, statistic_type) values ('Specialty IPA', 'srm');

insert into category (category_name, category_number) values ('Strong American Ale', '22');

insert into style (style_name, style_letter, category_name) values ('Double IPA', '22A', 'Strong American Ale');
insert into style_tag (tag_name, style_name) values ('very-high-strength', 'Double IPA');
insert into style_tag (tag_name, style_name) values ('pale-color', 'Double IPA');
insert into style_tag (tag_name, style_name) values ('top-fermented', 'Double IPA');
insert into style_tag (tag_name, style_name) values ('north-america', 'Double IPA');
insert into style_tag (tag_name, style_name) values ('craft-style', 'Double IPA');
insert into style_tag (tag_name, style_name) values ('ipa-family', 'Double IPA');
insert into style_tag (tag_name, style_name) values ('bitter', 'Double IPA');
insert into style_tag (tag_name, style_name) values ('hoppy', 'Double IPA');
insert into vital_statistic (style, statistic_type, statistic_lower, statistic_upper) values ('Double IPA', 'abv', 7.500, 10.000);
insert into vital_statistic (style, statistic_type, statistic_lower, statistic_upper) values ('Double IPA', 'fg', 1.008, 1.018);
insert into vital_statistic (style, statistic_type, statistic_lower, statistic_upper) values ('Double IPA', 'og', 1.065, 1.085);
insert into vital_statistic (style, statistic_type, statistic_lower, statistic_upper) values ('Double IPA', 'ibu', 60.000, 120.000);
insert into vital_statistic (style, statistic_type, statistic_lower, statistic_upper) values ('Double IPA', 'srm', 6.000, 14.000);

insert into style (style_name, style_letter, category_name) values ('American Strong Ale', '22B', 'Strong American Ale');
insert into style_tag (tag_name, style_name) values ('high-strength', 'American Strong Ale');
insert into style_tag (tag_name, style_name) values ('amber-color', 'American Strong Ale');
insert into style_tag (tag_name, style_name) values ('top-fermented', 'American Strong Ale');
insert into style_tag (tag_name, style_name) values ('north-america', 'American Strong Ale');
insert into style_tag (tag_name, style_name) values ('craft-style', 'American Strong Ale');
insert into style_tag (tag_name, style_name) values ('strong-ale-family', 'American Strong Ale');
insert into style_tag (tag_name, style_name) values ('bitter', 'American Strong Ale');
insert into style_tag (tag_name, style_name) values ('hoppy', 'American Strong Ale');
insert into vital_statistic (style, statistic_type, statistic_lower, statistic_upper) values ('American Strong Ale', 'abv', 6.300, 10.000);
insert into vital_statistic (style, statistic_type, statistic_lower, statistic_upper) values ('American Strong Ale', 'fg', 1.014, 1.024);
insert into vital_statistic (style, statistic_type, statistic_lower, statistic_upper) values ('American Strong Ale', 'og', 1.062, 1.090);
insert into vital_statistic (style, statistic_type, statistic_lower, statistic_upper) values ('American Strong Ale', 'ibu', 50.000, 100.000);
insert into vital_statistic (style, statistic_type, statistic_lower, statistic_upper) values ('American Strong Ale', 'srm', 7.000, 19.000);

insert into style (style_name, style_letter, category_name) values ('American Barleywine', '22C', 'Strong American Ale');
insert into style_tag (tag_name, style_name) values ('very-high-strength', 'American Barleywine');
insert into style_tag (tag_name, style_name) values ('amber-color', 'American Barleywine');
insert into style_tag (tag_name, style_name) values ('top-fermented', 'American Barleywine');
insert into style_tag (tag_name, style_name) values ('north-america', 'American Barleywine');
insert into style_tag (tag_name, style_name) values ('craft-style', 'American Barleywine');
insert into style_tag (tag_name, style_name) values ('strong-ale-family', 'American Barleywine');
insert into style_tag (tag_name, style_name) values ('bitter', 'American Barleywine');
insert into style_tag (tag_name, style_name) values ('hoppy', 'American Barleywine');
insert into vital_statistic (style, statistic_type, statistic_lower, statistic_upper) values ('American Barleywine', 'abv', 8.000, 12.000);
insert into vital_statistic (style, statistic_type, statistic_lower, statistic_upper) values ('American Barleywine', 'fg', 1.016, 1.030);
insert into vital_statistic (style, statistic_type, statistic_lower, statistic_upper) values ('American Barleywine', 'og', 1.080, 1.120);
insert into vital_statistic (style, statistic_type, statistic_lower, statistic_upper) values ('American Barleywine', 'ibu', 50.000, 100.000);
insert into vital_statistic (style, statistic_type, statistic_lower, statistic_upper) values ('American Barleywine', 'srm', 10.000, 19.000);

insert into style (style_name, style_letter, category_name) values ('Wheatwine', '22D', 'Strong American Ale');
insert into style_tag (tag_name, style_name) values ('very-high-strength', 'Wheatwine');
insert into style_tag (tag_name, style_name) values ('amber-color', 'Wheatwine');
insert into style_tag (tag_name, style_name) values ('top-fermented', 'Wheatwine');
insert into style_tag (tag_name, style_name) values ('north-america', 'Wheatwine');
insert into style_tag (tag_name, style_name) values ('craft-style', 'Wheatwine');
insert into style_tag (tag_name, style_name) values ('strong-ale-family', 'Wheatwine');
insert into style_tag (tag_name, style_name) values ('wheat-beer-family', 'Wheatwine');
insert into style_tag (tag_name, style_name) values ('balanced', 'Wheatwine');
insert into style_tag (tag_name, style_name) values ('hoppy', 'Wheatwine');
insert into vital_statistic (style, statistic_type, statistic_lower, statistic_upper) values ('Wheatwine', 'abv', 8.000, 12.000);
insert into vital_statistic (style, statistic_type, statistic_lower, statistic_upper) values ('Wheatwine', 'fg', 1.016, 1.030);
insert into vital_statistic (style, statistic_type, statistic_lower, statistic_upper) values ('Wheatwine', 'og', 1.080, 1.120);
insert into vital_statistic (style, statistic_type, statistic_lower, statistic_upper) values ('Wheatwine', 'ibu', 30.000, 60.000);
insert into vital_statistic (style, statistic_type, statistic_lower, statistic_upper) values ('Wheatwine', 'srm', 8.000, 15.000);

insert into category (category_name, category_number) values ('European Sour Ale', '23');

insert into style (style_name, style_letter, category_name) values ('Berliner Weisse', '23A', 'European Sour Ale');
insert into style_tag (tag_name, style_name) values ('session-beer', 'Berliner Weisse');
insert into style_tag (tag_name, style_name) values ('pale-color', 'Berliner Weisse');
insert into style_tag (tag_name, style_name) values ('top-fermented', 'Berliner Weisse');
insert into style_tag (tag_name, style_name) values ('central-europe', 'Berliner Weisse');
insert into style_tag (tag_name, style_name) values ('traditional-style', 'Berliner Weisse');
insert into style_tag (tag_name, style_name) values ('wheat-beer-family', 'Berliner Weisse');
insert into style_tag (tag_name, style_name) values ('sour', 'Berliner Weisse');
insert into vital_statistic (style, statistic_type, statistic_lower, statistic_upper) values ('Berliner Weisse', 'abv', 2.800, 3.800);
insert into vital_statistic (style, statistic_type, statistic_lower, statistic_upper) values ('Berliner Weisse', 'fg', 1.003, 1.006);
insert into vital_statistic (style, statistic_type, statistic_lower, statistic_upper) values ('Berliner Weisse', 'og', 1.028, 1.032);
insert into vital_statistic (style, statistic_type, statistic_lower, statistic_upper) values ('Berliner Weisse', 'ibu', 3.000, 8.000);
insert into vital_statistic (style, statistic_type, statistic_lower, statistic_upper) values ('Berliner Weisse', 'srm', 2.000, 3.000);

insert into style (style_name, style_letter, category_name) values ('Flanders Red Ale', '23B', 'European Sour Ale');
insert into style_tag (tag_name, style_name) values ('standard-strength', 'Flanders Red Ale');
insert into style_tag (tag_name, style_name) values ('amber-color', 'Flanders Red Ale');
insert into style_tag (tag_name, style_name) values ('top-fermenting', 'Flanders Red Ale');
insert into style_tag (tag_name, style_name) values ('western-europe', 'Flanders Red Ale');
insert into style_tag (tag_name, style_name) values ('traditional-style', 'Flanders Red Ale');
insert into style_tag (tag_name, style_name) values ('sour-ale-family', 'Flanders Red Ale');
insert into style_tag (tag_name, style_name) values ('balanced', 'Flanders Red Ale');
insert into style_tag (tag_name, style_name) values ('sour', 'Flanders Red Ale');
insert into style_tag (tag_name, style_name) values ('wood', 'Flanders Red Ale');
insert into vital_statistic (style, statistic_type, statistic_lower, statistic_upper) values ('Flanders Red Ale', 'abv', 4.600, 6.500);
insert into vital_statistic (style, statistic_type, statistic_lower, statistic_upper) values ('Flanders Red Ale', 'fg', 1.002, 1.012);
insert into vital_statistic (style, statistic_type, statistic_lower, statistic_upper) values ('Flanders Red Ale', 'og', 1.048, 1.057);
insert into vital_statistic (style, statistic_type, statistic_lower, statistic_upper) values ('Flanders Red Ale', 'ibu', 10.000, 25.000);
insert into vital_statistic (style, statistic_type, statistic_lower, statistic_upper) values ('Flanders Red Ale', 'srm', 10.000, 16.000);

insert into style (style_name, style_letter, category_name) values ('Oud Bruin', '23C', 'European Sour Ale');
insert into style_tag (tag_name, style_name) values ('standard-strength', 'Oud Bruin');
insert into style_tag (tag_name, style_name) values ('dark-color', 'Oud Bruin');
insert into style_tag (tag_name, style_name) values ('top-fermented', 'Oud Bruin');
insert into style_tag (tag_name, style_name) values ('western-europe', 'Oud Bruin');
insert into style_tag (tag_name, style_name) values ('traditional-style', 'Oud Bruin');
insert into style_tag (tag_name, style_name) values ('sour-ale-family', 'Oud Bruin');
insert into style_tag (tag_name, style_name) values ('malty', 'Oud Bruin');
insert into style_tag (tag_name, style_name) values ('sour', 'Oud Bruin');
insert into vital_statistic (style, statistic_type, statistic_lower, statistic_upper) values ('Oud Bruin', 'abv', 4.000, 8.000);
insert into vital_statistic (style, statistic_type, statistic_lower, statistic_upper) values ('Oud Bruin', 'fg', 1.008, 1.012);
insert into vital_statistic (style, statistic_type, statistic_lower, statistic_upper) values ('Oud Bruin', 'og', 1.040, 1.074);
insert into vital_statistic (style, statistic_type, statistic_lower, statistic_upper) values ('Oud Bruin', 'ibu', 20.000, 25.000);
insert into vital_statistic (style, statistic_type, statistic_lower, statistic_upper) values ('Oud Bruin', 'srm', 15.000, 22.000);

insert into style (style_name, style_letter, category_name) values ('Lambic', '23D', 'European Sour Ale');
insert into style_tag (tag_name, style_name) values ('standard-strength', 'Lambic');
insert into style_tag (tag_name, style_name) values ('pale-color', 'Lambic');
insert into style_tag (tag_name, style_name) values ('wild-fermented', 'Lambic');
insert into style_tag (tag_name, style_name) values ('western-europe', 'Lambic');
insert into style_tag (tag_name, style_name) values ('traditional-style', 'Lambic');
insert into style_tag (tag_name, style_name) values ('wheat-beer-family', 'Lambic');
insert into style_tag (tag_name, style_name) values ('sour', 'Lambic');
insert into vital_statistic (style, statistic_type, statistic_lower, statistic_upper) values ('Lambic', 'abv', 5.000, 6.500);
insert into vital_statistic (style, statistic_type, statistic_lower, statistic_upper) values ('Lambic', 'fg', 1.001, 1.010);
insert into vital_statistic (style, statistic_type, statistic_lower, statistic_upper) values ('Lambic', 'og', 1.040, 1.054);
insert into vital_statistic (style, statistic_type, statistic_lower, statistic_upper) values ('Lambic', 'ibu', 0.000, 10.000);
insert into vital_statistic (style, statistic_type, statistic_lower, statistic_upper) values ('Lambic', 'srm', 3.000, 7.000);

insert into style (style_name, style_letter, category_name) values ('Gueuze', '23E', 'European Sour Ale');
insert into style_tag (tag_name, style_name) values ('high-strength', 'Gueuze');
insert into style_tag (tag_name, style_name) values ('pale-color', 'Gueuze');
insert into style_tag (tag_name, style_name) values ('wild-fermented', 'Gueuze');
insert into style_tag (tag_name, style_name) values ('western-europe', 'Gueuze');
insert into style_tag (tag_name, style_name) values ('traditional-style', 'Gueuze');
insert into style_tag (tag_name, style_name) values ('wheat-beer-family', 'Gueuze');
insert into style_tag (tag_name, style_name) values ('aged', 'Gueuze');
insert into style_tag (tag_name, style_name) values ('sour', 'Gueuze');
insert into vital_statistic (style, statistic_type, statistic_lower, statistic_upper) values ('Gueuze', 'abv', 5.000, 8.000);
insert into vital_statistic (style, statistic_type, statistic_lower, statistic_upper) values ('Gueuze', 'fg', 1.000, 1.006);
insert into vital_statistic (style, statistic_type, statistic_lower, statistic_upper) values ('Gueuze', 'og', 1.040, 1.060);
insert into vital_statistic (style, statistic_type, statistic_lower, statistic_upper) values ('Gueuze', 'ibu', 0.000, 10.000);
insert into vital_statistic (style, statistic_type, statistic_lower, statistic_upper) values ('Gueuze', 'srm', 3.000, 7.000);

insert into style (style_name, style_letter, category_name) values ('Fruit Lambic', '23F', 'European Sour Ale');
insert into style_tag (tag_name, style_name) values ('standard-strength', 'Fruit Lambic');
insert into style_tag (tag_name, style_name) values ('pale-color', 'Fruit Lambic');
insert into style_tag (tag_name, style_name) values ('wild-fermented', 'Fruit Lambic');
insert into style_tag (tag_name, style_name) values ('western-europe', 'Fruit Lambic');
insert into style_tag (tag_name, style_name) values ('traditional-style', 'Fruit Lambic');
insert into style_tag (tag_name, style_name) values ('wheat-beer-family', 'Fruit Lambic');
insert into style_tag (tag_name, style_name) values ('sour', 'Fruit Lambic');
insert into style_tag (tag_name, style_name) values ('fruit', 'Fruit Lambic');
insert into vital_statistic (style, statistic_type, statistic_lower, statistic_upper) values ('Fruit Lambic', 'abv', 5.000, 7.000);
insert into vital_statistic (style, statistic_type, statistic_lower, statistic_upper) values ('Fruit Lambic', 'fg', 1.000, 1.010);
insert into vital_statistic (style, statistic_type, statistic_lower, statistic_upper) values ('Fruit Lambic', 'og', 1.040, 1.060);
insert into vital_statistic (style, statistic_type, statistic_lower, statistic_upper) values ('Fruit Lambic', 'ibu', 0.000, 10.000);
insert into vital_statistic (style, statistic_type, statistic_lower, statistic_upper) values ('Fruit Lambic', 'srm', 3.000, 7.000);

insert into category (category_name, category_number) values ('Belgian Ale', '24');

insert into style (style_name, style_letter, category_name) values ('Witbier', '24A', 'Belgian Ale');
insert into style_tag (tag_name, style_name) values ('standard-strength', 'Witbier');
insert into style_tag (tag_name, style_name) values ('pale-color', 'Witbier');
insert into style_tag (tag_name, style_name) values ('top-fermented', 'Witbier');
insert into style_tag (tag_name, style_name) values ('western-europe', 'Witbier');
insert into style_tag (tag_name, style_name) values ('traditional-style', 'Witbier');
insert into style_tag (tag_name, style_name) values ('wheat-beer-family', 'Witbier');
insert into style_tag (tag_name, style_name) values ('spice', 'Witbier');
insert into vital_statistic (style, statistic_type, statistic_lower, statistic_upper) values ('Witbier', 'abv', 4.500, 5.500);
insert into vital_statistic (style, statistic_type, statistic_lower, statistic_upper) values ('Witbier', 'fg', 1.008, 1.012);
insert into vital_statistic (style, statistic_type, statistic_lower, statistic_upper) values ('Witbier', 'og', 1.044, 1.052);
insert into vital_statistic (style, statistic_type, statistic_lower, statistic_upper) values ('Witbier', 'ibu', 8.000, 20.000);
insert into vital_statistic (style, statistic_type, statistic_lower, statistic_upper) values ('Witbier', 'srm', 2.000, 4.000);

insert into style (style_name, style_letter, category_name) values ('Belgian Pale Ale', '24B', 'Belgian Ale');
insert into style_tag (tag_name, style_name) values ('standard-strength', 'Belgian Pale Ale');
insert into style_tag (tag_name, style_name) values ('amber-color', 'Belgian Pale Ale');
insert into style_tag (tag_name, style_name) values ('top-fermented', 'Belgian Pale Ale');
insert into style_tag (tag_name, style_name) values ('western-europe', 'Belgian Pale Ale');
insert into style_tag (tag_name, style_name) values ('traditional-style', 'Belgian Pale Ale');
insert into style_tag (tag_name, style_name) values ('pale-ale-family', 'Belgian Pale Ale');
insert into style_tag (tag_name, style_name) values ('balanced', 'Belgian Pale Ale');
insert into vital_statistic (style, statistic_type, statistic_lower, statistic_upper) values ('Belgian Pale Ale', 'abv', 4.800, 5.500);
insert into vital_statistic (style, statistic_type, statistic_lower, statistic_upper) values ('Belgian Pale Ale', 'fg', 1.010, 1.014);
insert into vital_statistic (style, statistic_type, statistic_lower, statistic_upper) values ('Belgian Pale Ale', 'og', 1.048, 1.054);
insert into vital_statistic (style, statistic_type, statistic_lower, statistic_upper) values ('Belgian Pale Ale', 'ibu', 20.000, 30.000);
insert into vital_statistic (style, statistic_type, statistic_lower, statistic_upper) values ('Belgian Pale Ale', 'srm', 8.000, 14.000);

insert into style (style_name, style_letter, category_name) values ('Bière de Garde', '24C', 'Belgian Ale');
insert into style_tag (tag_name, style_name) values ('high-strength', 'Bière de Garde');
insert into style_tag (tag_name, style_name) values ('pale-color', 'Bière de Garde');
insert into style_tag (tag_name, style_name) values ('amber-color', 'Bière de Garde');
insert into style_tag (tag_name, style_name) values ('any-fermentation', 'Bière de Garde');
insert into style_tag (tag_name, style_name) values ('lagered', 'Bière de Garde');
insert into style_tag (tag_name, style_name) values ('western-europe', 'Bière de Garde');
insert into style_tag (tag_name, style_name) values ('traditional-style', 'Bière de Garde');
insert into style_tag (tag_name, style_name) values ('amber-ale-family', 'Bière de Garde');
insert into style_tag (tag_name, style_name) values ('malty', 'Bière de Garde');
insert into vital_statistic (style, statistic_type, statistic_lower, statistic_upper) values ('Bière de Garde', 'abv', 6.000, 8.500);
insert into vital_statistic (style, statistic_type, statistic_lower, statistic_upper) values ('Bière de Garde', 'fg', 1.008, 1.016);
insert into vital_statistic (style, statistic_type, statistic_lower, statistic_upper) values ('Bière de Garde', 'og', 1.060, 1.080);
insert into vital_statistic (style, statistic_type, statistic_lower, statistic_upper) values ('Bière de Garde', 'ibu', 18.000, 28.000);
insert into vital_statistic (style, statistic_type, statistic_lower, statistic_upper) values ('Bière de Garde', 'srm', 6.000, 19.000);

insert into category (category_name, category_number) values ('Strong Belgian Ale', '25');

insert into style (style_name, style_letter, category_name) values ('Belgian Blond Ale', '25A', 'Strong Belgian Ale');
insert into style_tag (tag_name, style_name) values ('high-strength', 'Belgian Blond Ale');
insert into style_tag (tag_name, style_name) values ('pale-color', 'Belgian Blond Ale');
insert into style_tag (tag_name, style_name) values ('top-fermented', 'Belgian Blond Ale');
insert into style_tag (tag_name, style_name) values ('western-europe', 'Belgian Blond Ale');
insert into style_tag (tag_name, style_name) values ('traditional-style', 'Belgian Blond Ale');
insert into style_tag (tag_name, style_name) values ('balanced', 'Belgian Blond Ale');
insert into vital_statistic (style, statistic_type, statistic_lower, statistic_upper) values ('Belgian Blond Ale', 'abv', 6.000, 7.500);
insert into vital_statistic (style, statistic_type, statistic_lower, statistic_upper) values ('Belgian Blond Ale', 'fg', 1.008, 1.018);
insert into vital_statistic (style, statistic_type, statistic_lower, statistic_upper) values ('Belgian Blond Ale', 'og', 1.062, 1.075);
insert into vital_statistic (style, statistic_type, statistic_lower, statistic_upper) values ('Belgian Blond Ale', 'ibu', 15.000, 30.000);
insert into vital_statistic (style, statistic_type, statistic_lower, statistic_upper) values ('Belgian Blond Ale', 'srm', 4.000, 7.000);

insert into style (style_name, style_letter, category_name) values ('Saison', '25B', 'Strong Belgian Ale');
insert into style_tag (tag_name, style_name) values ('standard-strength', 'Saison');
insert into style_tag (tag_name, style_name) values ('pale-color', 'Saison');
insert into style_tag (tag_name, style_name) values ('top-fermented', 'Saison');
insert into style_tag (tag_name, style_name) values ('western-europe', 'Saison');
insert into style_tag (tag_name, style_name) values ('traditional-style', 'Saison');
insert into style_tag (tag_name, style_name) values ('bitter', 'Saison');
insert into vital_statistic (style, statistic_type, statistic_lower, statistic_upper) values ('Saison', 'abv', 3.500, 5.000);
insert into vital_statistic (style, statistic_type, statistic_lower, statistic_upper) values ('Saison', 'fg', 1.002, 1.008);
insert into vital_statistic (style, statistic_type, statistic_lower, statistic_upper) values ('Saison', 'og', 1.048, 1.065);
insert into vital_statistic (style, statistic_type, statistic_lower, statistic_upper) values ('Saison', 'ibu', 20.000, 35.000);
insert into vital_statistic (style, statistic_type, statistic_lower, statistic_upper) values ('Saison', 'srm', 5.000, 14.000);

insert into style (style_name, style_letter, category_name) values ('Belgian Golden Strong Ale', '25C', 'Strong Belgian Ale');
insert into style_tag (tag_name, style_name) values ('very-high-strength', 'Belgian Golden Strong Ale');
insert into style_tag (tag_name, style_name) values ('pale-color', 'Belgian Golden Strong Ale');
insert into style_tag (tag_name, style_name) values ('top-fermented', 'Belgian Golden Strong Ale');
insert into style_tag (tag_name, style_name) values ('western-europe', 'Belgian Golden Strong Ale');
insert into style_tag (tag_name, style_name) values ('traditional-style', 'Belgian Golden Strong Ale');
insert into style_tag (tag_name, style_name) values ('bitter', 'Belgian Golden Strong Ale');
insert into vital_statistic (style, statistic_type, statistic_lower, statistic_upper) values ('Belgian Golden Strong Ale', 'abv', 7.500, 10.500);
insert into vital_statistic (style, statistic_type, statistic_lower, statistic_upper) values ('Belgian Golden Strong Ale', 'fg', 1.005, 1.016);
insert into vital_statistic (style, statistic_type, statistic_lower, statistic_upper) values ('Belgian Golden Strong Ale', 'og', 1.070, 1.095);
insert into vital_statistic (style, statistic_type, statistic_lower, statistic_upper) values ('Belgian Golden Strong Ale', 'ibu', 22.000, 35.000);
insert into vital_statistic (style, statistic_type, statistic_lower, statistic_upper) values ('Belgian Golden Strong Ale', 'srm', 3.000, 6.000);

insert into category (category_name, category_number) values ('Trappist Ale', '26');

insert into style (style_name, style_letter, category_name) values ('Trappist Single', '26A', 'Trappist Ale');
insert into style_tag (tag_name, style_name) values ('standard-strength', 'Trappist Single');
insert into style_tag (tag_name, style_name) values ('pale-color', 'Trappist Single');
insert into style_tag (tag_name, style_name) values ('top-fermenting', 'Trappist Single');
insert into style_tag (tag_name, style_name) values ('western-europe', 'Trappist Single');
insert into style_tag (tag_name, style_name) values ('craft-style', 'Trappist Single');
insert into style_tag (tag_name, style_name) values ('bitter', 'Trappist Single');
insert into style_tag (tag_name, style_name) values ('hoppy', 'Trappist Single');
insert into vital_statistic (style, statistic_type, statistic_lower, statistic_upper) values ('Trappist Single', 'abv', 4.800, 6.000);
insert into vital_statistic (style, statistic_type, statistic_lower, statistic_upper) values ('Trappist Single', 'fg', 1.004, 1.010);
insert into vital_statistic (style, statistic_type, statistic_lower, statistic_upper) values ('Trappist Single', 'og', 1.044, 1.054);
insert into vital_statistic (style, statistic_type, statistic_lower, statistic_upper) values ('Trappist Single', 'ibu', 25.000, 45.000);
insert into vital_statistic (style, statistic_type, statistic_lower, statistic_upper) values ('Trappist Single', 'srm', 3.000, 5.000);

insert into style (style_name, style_letter, category_name) values ('Belgian Dubbel', '26B', 'Trappist Ale');
insert into style_tag (tag_name, style_name) values ('high-strength', 'Belgian Dubbel');
insert into style_tag (tag_name, style_name) values ('amber-color', 'Belgian Dubbel');
insert into style_tag (tag_name, style_name) values ('top-fermented', 'Belgian Dubbel');
insert into style_tag (tag_name, style_name) values ('western-europe', 'Belgian Dubbel');
insert into style_tag (tag_name, style_name) values ('traditional-style', 'Belgian Dubbel');
insert into style_tag (tag_name, style_name) values ('malty', 'Belgian Dubbel');
insert into vital_statistic (style, statistic_type, statistic_lower, statistic_upper) values ('Belgian Dubbel', 'abv', 6.000, 7.600);
insert into vital_statistic (style, statistic_type, statistic_lower, statistic_upper) values ('Belgian Dubbel', 'fg', 1.008, 1.018);
insert into vital_statistic (style, statistic_type, statistic_lower, statistic_upper) values ('Belgian Dubbel', 'og', 1.062, 1.075);
insert into vital_statistic (style, statistic_type, statistic_lower, statistic_upper) values ('Belgian Dubbel', 'ibu', 15.000, 25.000);
insert into vital_statistic (style, statistic_type, statistic_lower, statistic_upper) values ('Belgian Dubbel', 'srm', 10.000, 17.000);

insert into style (style_name, style_letter, category_name) values ('Belgian Tripel', '26C', 'Trappist Ale');
insert into style_tag (tag_name, style_name) values ('high-strength', 'Belgian Tripel');
insert into style_tag (tag_name, style_name) values ('pale-color', 'Belgian Tripel');
insert into style_tag (tag_name, style_name) values ('top-fermented', 'Belgian Tripel');
insert into style_tag (tag_name, style_name) values ('western-europe', 'Belgian Tripel');
insert into style_tag (tag_name, style_name) values ('traditional-style', 'Belgian Tripel');
insert into style_tag (tag_name, style_name) values ('bitter', 'Belgian Tripel');
insert into vital_statistic (style, statistic_type, statistic_lower, statistic_upper) values ('Belgian Tripel', 'abv', 7.500, 9.500);
insert into vital_statistic (style, statistic_type, statistic_lower, statistic_upper) values ('Belgian Tripel', 'fg', 1.008, 1.014);
insert into vital_statistic (style, statistic_type, statistic_lower, statistic_upper) values ('Belgian Tripel', 'og', 1.075, 1.085);
insert into vital_statistic (style, statistic_type, statistic_lower, statistic_upper) values ('Belgian Tripel', 'ibu', 20.000, 40.000);
insert into vital_statistic (style, statistic_type, statistic_lower, statistic_upper) values ('Belgian Tripel', 'srm', 4.500, 7.000);

insert into style (style_name, style_letter, category_name) values ('Belgian Dark Strong Ale', '26D', 'Trappist Ale');
insert into style_tag (tag_name, style_name) values ('very-high-strength', 'Belgian Dark Strong Ale');
insert into style_tag (tag_name, style_name) values ('amber-color', 'Belgian Dark Strong Ale');
insert into style_tag (tag_name, style_name) values ('top-fermented', 'Belgian Dark Strong Ale');
insert into style_tag (tag_name, style_name) values ('western-europe', 'Belgian Dark Strong Ale');
insert into style_tag (tag_name, style_name) values ('traditional-style', 'Belgian Dark Strong Ale');
insert into style_tag (tag_name, style_name) values ('malty', 'Belgian Dark Strong Ale');
insert into vital_statistic (style, statistic_type, statistic_lower, statistic_upper) values ('Belgian Dark Strong Ale', 'abv', 8.000, 12.000);
insert into vital_statistic (style, statistic_type, statistic_lower, statistic_upper) values ('Belgian Dark Strong Ale', 'fg', 1.010, 1.024);
insert into vital_statistic (style, statistic_type, statistic_lower, statistic_upper) values ('Belgian Dark Strong Ale', 'og', 1.075, 1.110);
insert into vital_statistic (style, statistic_type, statistic_lower, statistic_upper) values ('Belgian Dark Strong Ale', 'ibu', 20.000, 35.000);
insert into vital_statistic (style, statistic_type, statistic_lower, statistic_upper) values ('Belgian Dark Strong Ale', 'srm', 12.000, 22.000);

insert into category (category_name, category_number) values ('Historical Beer', '27');

insert into style (style_name, style_letter, category_name) values ('Gose', '27A', 'Historical Beer');
insert into style_tag (tag_name, style_name) values ('standard-strength', 'Gose');
insert into style_tag (tag_name, style_name) values ('pale-color', 'Gose');
insert into style_tag (tag_name, style_name) values ('top-fermented', 'Gose');
insert into style_tag (tag_name, style_name) values ('central-europe', 'Gose');
insert into style_tag (tag_name, style_name) values ('historical-style', 'Gose');
insert into style_tag (tag_name, style_name) values ('wheat-beer-family', 'Gose');
insert into style_tag (tag_name, style_name) values ('sour', 'Gose');
insert into style_tag (tag_name, style_name) values ('spice', 'Gose');
insert into vital_statistic (style, statistic_type, statistic_lower, statistic_upper) values ('Gose', 'abv', 4.200, 4.800);
insert into vital_statistic (style, statistic_type, statistic_lower, statistic_upper) values ('Gose', 'fg', 1.006, 1.010);
insert into vital_statistic (style, statistic_type, statistic_lower, statistic_upper) values ('Gose', 'og', 1.036, 1.056);
insert into vital_statistic (style, statistic_type, statistic_lower, statistic_upper) values ('Gose', 'ibu', 5.000, 12.000);
insert into vital_statistic (style, statistic_type, statistic_lower, statistic_upper) values ('Gose', 'srm', 3.000, 4.000);

insert into style (style_name, style_letter, category_name) values ('Kentucky Common', '27B', 'Historical Beer');
insert into style_tag (tag_name, style_name) values ('standard-strength', 'Kentucky Common');
insert into style_tag (tag_name, style_name) values ('amber-color', 'Kentucky Common');
insert into style_tag (tag_name, style_name) values ('top-fermented', 'Kentucky Common');
insert into style_tag (tag_name, style_name) values ('north-america', 'Kentucky Common');
insert into style_tag (tag_name, style_name) values ('historical-style', 'Kentucky Common');
insert into style_tag (tag_name, style_name) values ('balanced', 'Kentucky Common');
insert into vital_statistic (style, statistic_type, statistic_lower, statistic_upper) values ('Kentucky Common', 'abv', 4.000, 5.500);
insert into vital_statistic (style, statistic_type, statistic_lower, statistic_upper) values ('Kentucky Common', 'fg', 1.010, 1.018);
insert into vital_statistic (style, statistic_type, statistic_lower, statistic_upper) values ('Kentucky Common', 'og', 1.044, 1.055);
insert into vital_statistic (style, statistic_type, statistic_lower, statistic_upper) values ('Kentucky Common', 'ibu', 15.000, 30.000);
insert into vital_statistic (style, statistic_type, statistic_lower, statistic_upper) values ('Kentucky Common', 'srm', 11.000, 20.000);

insert into style (style_name, style_letter, category_name) values ('Lichtenhainer', '27C', 'Historical Beer');
insert into style_tag (tag_name, style_name) values ('standard-strength', 'Lichtenhainer');
insert into style_tag (tag_name, style_name) values ('pale-color', 'Lichtenhainer');
insert into style_tag (tag_name, style_name) values ('top-fermented', 'Lichtenhainer');
insert into style_tag (tag_name, style_name) values ('central-europe', 'Lichtenhainer');
insert into style_tag (tag_name, style_name) values ('historical-style', 'Lichtenhainer');
insert into style_tag (tag_name, style_name) values ('wheat-beer-family', 'Lichtenhainer');
insert into style_tag (tag_name, style_name) values ('sour', 'Lichtenhainer');
insert into style_tag (tag_name, style_name) values ('smoke', 'Lichtenhainer');
insert into vital_statistic (style, statistic_type, statistic_lower, statistic_upper) values ('Lichtenhainer', 'abv', 3.500, 4.700);
insert into vital_statistic (style, statistic_type, statistic_lower, statistic_upper) values ('Lichtenhainer', 'fg', 1.004, 1.008);
insert into vital_statistic (style, statistic_type, statistic_lower, statistic_upper) values ('Lichtenhainer', 'og', 1.032, 1.040);
insert into vital_statistic (style, statistic_type, statistic_lower, statistic_upper) values ('Lichtenhainer', 'ibu', 5.000, 12.000);
insert into vital_statistic (style, statistic_type, statistic_lower, statistic_upper) values ('Lichtenhainer', 'srm', 3.000, 6.000);

insert into style (style_name, style_letter, category_name) values ('London Brown Ale', '27D', 'Historical Beer');
insert into style_tag (tag_name, style_name) values ('session-strength', 'London Brown Ale');
insert into style_tag (tag_name, style_name) values ('dark-color', 'London Brown Ale');
insert into style_tag (tag_name, style_name) values ('top-fermented', 'London Brown Ale');
insert into style_tag (tag_name, style_name) values ('british-isles', 'London Brown Ale');
insert into style_tag (tag_name, style_name) values ('historical-style', 'London Brown Ale');
insert into style_tag (tag_name, style_name) values ('brown-ale-family', 'London Brown Ale');
insert into style_tag (tag_name, style_name) values ('malty', 'London Brown Ale');
insert into style_tag (tag_name, style_name) values ('sweet', 'London Brown Ale');
insert into vital_statistic (style, statistic_type, statistic_lower, statistic_upper) values ('London Brown Ale', 'abv', 2.800, 3.600);
insert into vital_statistic (style, statistic_type, statistic_lower, statistic_upper) values ('London Brown Ale', 'fg', 1.012, 1.015);
insert into vital_statistic (style, statistic_type, statistic_lower, statistic_upper) values ('London Brown Ale', 'og', 1.033, 1.038);
insert into vital_statistic (style, statistic_type, statistic_lower, statistic_upper) values ('London Brown Ale', 'ibu', 15.000, 20.000);
insert into vital_statistic (style, statistic_type, statistic_lower, statistic_upper) values ('London Brown Ale', 'srm', 22.000, 35.000);

insert into style (style_name, style_letter, category_name) values ('Piwo Grodziskie', '27E', 'Historical Beer');
insert into style_tag (tag_name, style_name) values ('session-strength', 'Piwo Grodziskie');
insert into style_tag (tag_name, style_name) values ('pale-color', 'Piwo Grodziskie');
insert into style_tag (tag_name, style_name) values ('top-fermented', 'Piwo Grodziskie');
insert into style_tag (tag_name, style_name) values ('central-europe', 'Piwo Grodziskie');
insert into style_tag (tag_name, style_name) values ('historical-style', 'Piwo Grodziskie');
insert into style_tag (tag_name, style_name) values ('wheat-beer-family', 'Piwo Grodziskie');
insert into style_tag (tag_name, style_name) values ('bitter', 'Piwo Grodziskie');
insert into style_tag (tag_name, style_name) values ('smoke', 'Piwo Grodziskie');
insert into vital_statistic (style, statistic_type, statistic_lower, statistic_upper) values ('Piwo Grodziskie', 'abv', 2.500, 3.300);
insert into vital_statistic (style, statistic_type, statistic_lower, statistic_upper) values ('Piwo Grodziskie', 'fg', 1.006, 1.012);
insert into vital_statistic (style, statistic_type, statistic_lower, statistic_upper) values ('Piwo Grodziskie', 'og', 1.028, 1.032);
insert into vital_statistic (style, statistic_type, statistic_lower, statistic_upper) values ('Piwo Grodziskie', 'ibu', 20.000, 35.000);
insert into vital_statistic (style, statistic_type, statistic_lower, statistic_upper) values ('Piwo Grodziskie', 'srm', 3.000, 6.000);

insert into style (style_name, style_letter, category_name) values ('Pre-Prohibition Lager', '27F', 'Historical Beer');
insert into style_tag (tag_name, style_name) values ('standard-strength', 'Pre-Prohibition Lager');
insert into style_tag (tag_name, style_name) values ('pale-color', 'Pre-Prohibition Lager');
insert into style_tag (tag_name, style_name) values ('bottom-fermented', 'Pre-Prohibition Lager');
insert into style_tag (tag_name, style_name) values ('lagered', 'Pre-Prohibition Lager');
insert into style_tag (tag_name, style_name) values ('north-america', 'Pre-Prohibition Lager');
insert into style_tag (tag_name, style_name) values ('historical-style', 'Pre-Prohibition Lager');
insert into style_tag (tag_name, style_name) values ('pilsner-family', 'Pre-Prohibition Lager');
insert into style_tag (tag_name, style_name) values ('bitter', 'Pre-Prohibition Lager');
insert into style_tag (tag_name, style_name) values ('hoppy', 'Pre-Prohibition Lager');
insert into vital_statistic (style, statistic_type, statistic_lower, statistic_upper) values ('Pre-Prohibition Lager', 'abv', 4.500, 6.000);
insert into vital_statistic (style, statistic_type, statistic_lower, statistic_upper) values ('Pre-Prohibition Lager', 'fg', 1.010, 1.015);
insert into vital_statistic (style, statistic_type, statistic_lower, statistic_upper) values ('Pre-Prohibition Lager', 'og', 1.044, 1.060);
insert into vital_statistic (style, statistic_type, statistic_lower, statistic_upper) values ('Pre-Prohibition Lager', 'ibu', 25.000, 40.000);
insert into vital_statistic (style, statistic_type, statistic_lower, statistic_upper) values ('Pre-Prohibition Lager', 'srm', 3.000, 6.000);

insert into style (style_name, style_letter, category_name) values ('Pre-Prohibition Porter', '27G', 'Historical Beer');
insert into style_tag (tag_name, style_name) values ('standard-strength', 'Pre-Prohibition Porter');
insert into style_tag (tag_name, style_name) values ('dark-color', 'Pre-Prohibition Porter');
insert into style_tag (tag_name, style_name) values ('any-fermentation', 'Pre-Prohibition Porter');
insert into style_tag (tag_name, style_name) values ('north-america', 'Pre-Prohibition Porter');
insert into style_tag (tag_name, style_name) values ('historical-style', 'Pre-Prohibition Porter');
insert into style_tag (tag_name, style_name) values ('porter-family', 'Pre-Prohibition Porter');
insert into style_tag (tag_name, style_name) values ('malty', 'Pre-Prohibition Porter');
insert into vital_statistic (style, statistic_type, statistic_lower, statistic_upper) values ('Pre-Prohibition Porter', 'abv', 4.500, 6.000);
insert into vital_statistic (style, statistic_type, statistic_lower, statistic_upper) values ('Pre-Prohibition Porter', 'fg', 1.010, 1.016);
insert into vital_statistic (style, statistic_type, statistic_lower, statistic_upper) values ('Pre-Prohibition Porter', 'og', 1.046, 1.060);
insert into vital_statistic (style, statistic_type, statistic_lower, statistic_upper) values ('Pre-Prohibition Porter', 'ibu', 20.000, 30.000);
insert into vital_statistic (style, statistic_type, statistic_lower, statistic_upper) values ('Pre-Prohibition Porter', 'srm', 18.000, 30.000);

insert into style (style_name, style_letter, category_name) values ('Roggenbier', '27H', 'Historical Beer');
insert into style_tag (tag_name, style_name) values ('standard-strength', 'Roggenbier');
insert into style_tag (tag_name, style_name) values ('amber-color', 'Roggenbier');
insert into style_tag (tag_name, style_name) values ('top-fermenting', 'Roggenbier');
insert into style_tag (tag_name, style_name) values ('central-europe', 'Roggenbier');
insert into style_tag (tag_name, style_name) values ('historical-style', 'Roggenbier');
insert into style_tag (tag_name, style_name) values ('wheat-beer-family', 'Roggenbier');
insert into vital_statistic (style, statistic_type, statistic_lower, statistic_upper) values ('Roggenbier', 'abv', 4.500, 6.000);
insert into vital_statistic (style, statistic_type, statistic_lower, statistic_upper) values ('Roggenbier', 'fg', 1.010, 1.014);
insert into vital_statistic (style, statistic_type, statistic_lower, statistic_upper) values ('Roggenbier', 'og', 1.046, 1.056);
insert into vital_statistic (style, statistic_type, statistic_lower, statistic_upper) values ('Roggenbier', 'ibu', 10.000, 20.000);
insert into vital_statistic (style, statistic_type, statistic_lower, statistic_upper) values ('Roggenbier', 'srm', 14.000, 19.000);

insert into style (style_name, style_letter, category_name) values ('Sahti', '27I', 'Historical Beer');
insert into style_tag (tag_name, style_name) values ('high-strength', 'Sahti');
insert into style_tag (tag_name, style_name) values ('amber-color', 'Sahti');
insert into style_tag (tag_name, style_name) values ('top-fermented', 'Sahti');
insert into style_tag (tag_name, style_name) values ('central-europe', 'Sahti');
insert into style_tag (tag_name, style_name) values ('historical-style', 'Sahti');
insert into style_tag (tag_name, style_name) values ('spic', 'Sahti');
insert into vital_statistic (style, statistic_type, statistic_lower, statistic_upper) values ('Sahti', 'abv', 7.000, 11.000);
insert into vital_statistic (style, statistic_type, statistic_lower, statistic_upper) values ('Sahti', 'fg', 1.016, 1.020);
insert into vital_statistic (style, statistic_type, statistic_lower, statistic_upper) values ('Sahti', 'og', 1.076, 1.120);
insert into vital_statistic (style, statistic_type, statistic_lower, statistic_upper) values ('Sahti', 'ibu', 7.000, 15.000);
insert into vital_statistic (style, statistic_type, statistic_lower, statistic_upper) values ('Sahti', 'srm', 4.000, 22.000);

insert into category (category_name, category_number) values ('American Wild Ale', '28');

insert into style (style_name, style_letter, category_name) values ('Brett Beer', '28A', 'American Wild Ale');
insert into style_tag (tag_name, style_name) values ('wild-fermentation', 'Brett Beer');
insert into style_tag (tag_name, style_name) values ('north-america', 'Brett Beer');
insert into style_tag (tag_name, style_name) values ('craft-style', 'Brett Beer');
insert into style_tag (tag_name, style_name) values ('specialty-beer', 'Brett Beer');
insert into vital_statistic (style, statistic_type) values ('Brett Beer', 'abv');
insert into vital_statistic (style, statistic_type) values ('Brett Beer', 'fg');
insert into vital_statistic (style, statistic_type) values ('Brett Beer', 'og');
insert into vital_statistic (style, statistic_type) values ('Brett Beer', 'ibu');
insert into vital_statistic (style, statistic_type) values ('Brett Beer', 'srm');

insert into style (style_name, style_letter, category_name) values ('Mixed-Fermentation Sour Beer', '28B', 'American Wild Ale');
insert into style_tag (tag_name, style_name) values ('wild-fermentation', 'Mixed-Fermentation Sour Beer');
insert into style_tag (tag_name, style_name) values ('north-america', 'Mixed-Fermentation Sour Beer');
insert into style_tag (tag_name, style_name) values ('craft-style', 'Mixed-Fermentation Sour Beer');
insert into style_tag (tag_name, style_name) values ('specialty-beer', 'Mixed-Fermentation Sour Beer');
insert into style_tag (tag_name, style_name) values ('sour', 'Mixed-Fermentation Sour Beer');
insert into vital_statistic (style, statistic_type) values ('Mixed-Fermentation Sour Beer', 'abv');
insert into vital_statistic (style, statistic_type) values ('Mixed-Fermentation Sour Beer', 'fg');
insert into vital_statistic (style, statistic_type) values ('Mixed-Fermentation Sour Beer', 'og');
insert into vital_statistic (style, statistic_type) values ('Mixed-Fermentation Sour Beer', 'ibu');
insert into vital_statistic (style, statistic_type) values ('Mixed-Fermentation Sour Beer', 'srm');

insert into style (style_name, style_letter, category_name) values ('Wild Specialty Beer', '28C', 'American Wild Ale');
insert into style_tag (tag_name, style_name) values ('wild-fermentation', 'Wild Specialty Beer');
insert into style_tag (tag_name, style_name) values ('north-america', 'Wild Specialty Beer');
insert into style_tag (tag_name, style_name) values ('craft-style', 'Wild Specialty Beer');
insert into style_tag (tag_name, style_name) values ('specialty-beer', 'Wild Specialty Beer');
insert into style_tag (tag_name, style_name) values ('sour', 'Wild Specialty Beer');
insert into style_tag (tag_name, style_name) values ('fruit', 'Wild Specialty Beer');
insert into vital_statistic (style, statistic_type) values ('Wild Specialty Beer', 'abv');
insert into vital_statistic (style, statistic_type) values ('Wild Specialty Beer', 'fg');
insert into vital_statistic (style, statistic_type) values ('Wild Specialty Beer', 'og');
insert into vital_statistic (style, statistic_type) values ('Wild Specialty Beer', 'ibu');
insert into vital_statistic (style, statistic_type) values ('Wild Specialty Beer', 'srm');

insert into category (category_name, category_number) values ('Fruit Beer', '29');

insert into style (style_name, style_letter, category_name) values ('Fruit Beer', '29A', 'Fruit Beer');
insert into style_tag (tag_name, style_name) values ('specialty-beer', 'Fruit Beer');
insert into style_tag (tag_name, style_name) values ('fruit', 'Fruit Beer');
insert into vital_statistic (style, statistic_type) values ('Fruit Beer', 'abv');
insert into vital_statistic (style, statistic_type) values ('Fruit Beer', 'fg');
insert into vital_statistic (style, statistic_type) values ('Fruit Beer', 'og');
insert into vital_statistic (style, statistic_type) values ('Fruit Beer', 'ibu');
insert into vital_statistic (style, statistic_type) values ('Fruit Beer', 'srm');

insert into style (style_name, style_letter, category_name) values ('Fruit and Spice Beer', '29B', 'Fruit Beer');
insert into style_tag (tag_name, style_name) values ('specialty-beer', 'Fruit and Spice Beer');
insert into style_tag (tag_name, style_name) values ('fruit', 'Fruit and Spice Beer');
insert into style_tag (tag_name, style_name) values ('spice', 'Fruit and Spice Beer');
insert into vital_statistic (style, statistic_type) values ('Fruit and Spice Beer', 'abv');
insert into vital_statistic (style, statistic_type) values ('Fruit and Spice Beer', 'fg');
insert into vital_statistic (style, statistic_type) values ('Fruit and Spice Beer', 'og');
insert into vital_statistic (style, statistic_type) values ('Fruit and Spice Beer', 'ibu');
insert into vital_statistic (style, statistic_type) values ('Fruit and Spice Beer', 'srm');

insert into style (style_name, style_letter, category_name) values ('Specialty Fruit Beer', '29C', 'Fruit Beer');
insert into style_tag (tag_name, style_name) values ('specialty-beer', 'Specialty Fruit Beer');
insert into style_tag (tag_name, style_name) values ('fruit', 'Specialty Fruit Beer');
insert into vital_statistic (style, statistic_type) values ('Specialty Fruit Beer', 'abv');
insert into vital_statistic (style, statistic_type) values ('Specialty Fruit Beer', 'fg');
insert into vital_statistic (style, statistic_type) values ('Specialty Fruit Beer', 'og');
insert into vital_statistic (style, statistic_type) values ('Specialty Fruit Beer', 'ibu');
insert into vital_statistic (style, statistic_type) values ('Specialty Fruit Beer', 'srm');

insert into category (category_name, category_number) values ('Spiced Beer', '30');

insert into style (style_name, style_letter, category_name) values ('Spice, Herb, or Vegetable Beer', '30A', 'Spiced Beer');
insert into style_tag (tag_name, style_name) values ('specialty-beer', 'Spice, Herb, or Vegetable Beer');
insert into style_tag (tag_name, style_name) values ('spice', 'Spice, Herb, or Vegetable Beer');
insert into vital_statistic (style, statistic_type) values ('Spice, Herb, or Vegetable Beer', 'abv');
insert into vital_statistic (style, statistic_type) values ('Spice, Herb, or Vegetable Beer', 'fg');
insert into vital_statistic (style, statistic_type) values ('Spice, Herb, or Vegetable Beer', 'og');
insert into vital_statistic (style, statistic_type) values ('Spice, Herb, or Vegetable Beer', 'ibu');
insert into vital_statistic (style, statistic_type) values ('Spice, Herb, or Vegetable Beer', 'srm');

insert into style (style_name, style_letter, category_name) values ('Autumn Seasonal Beer', '30B', 'Spiced Beer');
insert into style_tag (tag_name, style_name) values ('specialty-beer', 'Autumn Seasonal Beer');
insert into style_tag (tag_name, style_name) values ('spice', 'Autumn Seasonal Beer');
insert into vital_statistic (style, statistic_type) values ('Autumn Seasonal Beer', 'abv');
insert into vital_statistic (style, statistic_type) values ('Autumn Seasonal Beer', 'fg');
insert into vital_statistic (style, statistic_type) values ('Autumn Seasonal Beer', 'og');
insert into vital_statistic (style, statistic_type) values ('Autumn Seasonal Beer', 'ibu');
insert into vital_statistic (style, statistic_type) values ('Autumn Seasonal Beer', 'srm');

insert into style (style_name, style_letter, category_name) values ('Winter Seasonal Beer', '30C', 'Spiced Beer');
insert into style_tag (tag_name, style_name) values ('specialty-beer', 'Winter Seasonal Beer');
insert into style_tag (tag_name, style_name) values ('spice', 'Winter Seasonal Beer');
insert into vital_statistic (style, statistic_type) values ('Winter Seasonal Beer', 'abv');
insert into vital_statistic (style, statistic_type) values ('Winter Seasonal Beer', 'fg');
insert into vital_statistic (style, statistic_type) values ('Winter Seasonal Beer', 'og');
insert into vital_statistic (style, statistic_type) values ('Winter Seasonal Beer', 'ibu');
insert into vital_statistic (style, statistic_type) values ('Winter Seasonal Beer', 'srm');

insert into category (category_name, category_number) values ('Alternative Fermentables Beer', '31');

insert into style (style_name, style_letter, category_name) values ('Alternative Grain Beer', '31A', 'Alternative Fermentables Beer');
insert into style_tag (tag_name, style_name) values ('specialty-beer', 'Alternative Grain Beer');
insert into vital_statistic (style, statistic_type) values ('Alternative Grain Beer', 'abv');
insert into vital_statistic (style, statistic_type) values ('Alternative Grain Beer', 'fg');
insert into vital_statistic (style, statistic_type) values ('Alternative Grain Beer', 'og');
insert into vital_statistic (style, statistic_type) values ('Alternative Grain Beer', 'ibu');
insert into vital_statistic (style, statistic_type) values ('Alternative Grain Beer', 'srm');

insert into style (style_name, style_letter, category_name) values ('Alternative Sugar Beer', '31B', 'Alternative Fermentables Beer');
insert into style_tag (tag_name, style_name) values ('specialty-beer', 'Alternative Sugar Beer');
insert into vital_statistic (style, statistic_type) values ('Alternative Sugar Beer', 'abv');
insert into vital_statistic (style, statistic_type) values ('Alternative Sugar Beer', 'fg');
insert into vital_statistic (style, statistic_type) values ('Alternative Sugar Beer', 'og');
insert into vital_statistic (style, statistic_type) values ('Alternative Sugar Beer', 'ibu');
insert into vital_statistic (style, statistic_type) values ('Alternative Sugar Beer', 'srm');

insert into category (category_name, category_number) values ('Smoked Beer', '32');

insert into style (style_name, style_letter, category_name) values ('Classic Style Smoked Beer', '32A', 'Smoked Beer');
insert into style_tag (tag_name, style_name) values ('specialty-beer', 'Classic Style Smoked Beer');
insert into style_tag (tag_name, style_name) values ('smoke', 'Classic Style Smoked Beer');
insert into vital_statistic (style, statistic_type) values ('Classic Style Smoked Beer', 'abv');
insert into vital_statistic (style, statistic_type) values ('Classic Style Smoked Beer', 'fg');
insert into vital_statistic (style, statistic_type) values ('Classic Style Smoked Beer', 'og');
insert into vital_statistic (style, statistic_type) values ('Classic Style Smoked Beer', 'ibu');
insert into vital_statistic (style, statistic_type) values ('Classic Style Smoked Beer', 'srm');

insert into style (style_name, style_letter, category_name) values ('Specialty Smoked Beer', '32B', 'Smoked Beer');
insert into style_tag (tag_name, style_name) values ('specialty-beer', 'Specialty Smoked Beer');
insert into style_tag (tag_name, style_name) values ('smoke', 'Specialty Smoked Beer');
insert into vital_statistic (style, statistic_type) values ('Specialty Smoked Beer', 'abv');
insert into vital_statistic (style, statistic_type) values ('Specialty Smoked Beer', 'fg');
insert into vital_statistic (style, statistic_type) values ('Specialty Smoked Beer', 'og');
insert into vital_statistic (style, statistic_type) values ('Specialty Smoked Beer', 'ibu');
insert into vital_statistic (style, statistic_type) values ('Specialty Smoked Beer', 'srm');

insert into category (category_name, category_number) values ('Wood Beer', '33');

insert into style (style_name, style_letter, category_name) values ('Wood-Aged Beer', '33A', 'Wood Beer');
insert into style_tag (tag_name, style_name) values ('specialty-beer', 'Wood-Aged Beer');
insert into style_tag (tag_name, style_name) values ('wood', 'Wood-Aged Beer');
insert into vital_statistic (style, statistic_type) values ('Wood-Aged Beer', 'abv');
insert into vital_statistic (style, statistic_type) values ('Wood-Aged Beer', 'fg');
insert into vital_statistic (style, statistic_type) values ('Wood-Aged Beer', 'og');
insert into vital_statistic (style, statistic_type) values ('Wood-Aged Beer', 'ibu');
insert into vital_statistic (style, statistic_type) values ('Wood-Aged Beer', 'srm');

insert into style (style_name, style_letter, category_name) values ('Specialty Wood-Aged Beer', '33B', 'Wood Beer');
insert into style_tag (tag_name, style_name) values ('specialty-beer', 'Specialty Wood-Aged Beer');
insert into style_tag (tag_name, style_name) values ('wood', 'Specialty Wood-Aged Beer');
insert into vital_statistic (style, statistic_type) values ('Specialty Wood-Aged Beer', 'abv');
insert into vital_statistic (style, statistic_type) values ('Specialty Wood-Aged Beer', 'fg');
insert into vital_statistic (style, statistic_type) values ('Specialty Wood-Aged Beer', 'og');
insert into vital_statistic (style, statistic_type) values ('Specialty Wood-Aged Beer', 'ibu');
insert into vital_statistic (style, statistic_type) values ('Specialty Wood-Aged Beer', 'srm');

insert into category (category_name, category_number) values ('Specialty Beer', '34');

insert into style (style_name, style_letter, category_name) values ('Clone Beer', '34A', 'Specialty Beer');
insert into style_tag (tag_name, style_name) values ('specialty-beer', 'Clone Beer');
insert into vital_statistic (style, statistic_type) values ('Clone Beer', 'abv');
insert into vital_statistic (style, statistic_type) values ('Clone Beer', 'fg');
insert into vital_statistic (style, statistic_type) values ('Clone Beer', 'og');
insert into vital_statistic (style, statistic_type) values ('Clone Beer', 'ibu');
insert into vital_statistic (style, statistic_type) values ('Clone Beer', 'srm');

insert into style (style_name, style_letter, category_name) values ('Mixed-Style Beer', '34B', 'Specialty Beer');
insert into style_tag (tag_name, style_name) values ('specialty-beer', 'Mixed-Style Beer');
insert into vital_statistic (style, statistic_type) values ('Mixed-Style Beer', 'abv');
insert into vital_statistic (style, statistic_type) values ('Mixed-Style Beer', 'fg');
insert into vital_statistic (style, statistic_type) values ('Mixed-Style Beer', 'og');
insert into vital_statistic (style, statistic_type) values ('Mixed-Style Beer', 'ibu');
insert into vital_statistic (style, statistic_type) values ('Mixed-Style Beer', 'srm');

insert into style (style_name, style_letter, category_name) values ('Experimental Beer', '34C', 'Specialty Beer');
insert into style_tag (tag_name, style_name) values ('specialty-beer', 'Experimental Beer');
insert into vital_statistic (style, statistic_type) values ('Experimental Beer', 'abv');
insert into vital_statistic (style, statistic_type) values ('Experimental Beer', 'fg');
insert into vital_statistic (style, statistic_type) values ('Experimental Beer', 'og');
insert into vital_statistic (style, statistic_type) values ('Experimental Beer', 'ibu');
insert into vital_statistic (style, statistic_type) values ('Experimental Beer', 'srm');

